,ACCESS-CM2,ACCESS-ESM1-5,BCC-CSM2-MR,CESM2,CESM2-WACCM,CIESM,CNRM-CM6-1,CanESM5,CanESM5-1,E3SM-1-0,E3SM-2-0,EC-Earth3,EC-Earth3-AerChem,EC-Earth3-CC,EC-Earth3-Veg,GFDL-ESM4,GISS-E2-1-G,GISS-E2-1-H,GISS-E2-2-G,HadGEM3-GC31-LL,IPSL-CM5A2-INCA,IPSL-CM6A-LR,KIOST-ESM,MIROC6,MPI-ESM-1-2-HAM,MPI-ESM1-2-HR,MPI-ESM1-2-LR,MRI-ESM2-0,NorESM2-LM,NorESM2-MM,TaiESM1
1950-03-01,-0.0124293808834802,0.0880289752029638,0.1288970383589885,-1.149309882380379,-0.7643456477474396,0.1067741051613984,-1.2968525043215526,-1.229406420403247,-0.0168941277042213,-0.590084552521613,-0.9711093462359252,-0.2884255193163177,0.6120412445133976,-0.0113540896209656,-1.2964682058978678,-0.4384612339030128,,,,-0.5617162585493309,-2.0071066344310213,1.0578168794514742,-0.1314256195705123,0.7978523715156667,-1.6074172493890044,-0.1057043605503463,-0.2857358523261423,-0.7291488387347141,0.1385029854150944,-0.0530760838736896,-0.7536055302911928
1951-03-01,-0.0681517226768358,0.3570748157755635,0.055718737355462,-1.2021359829356806,-0.135031880754782,-0.0912957033610074,-1.5473808481436993,-0.1546466805839823,-0.8247172452853216,-0.9976344742220218,0.3511258991220587,-0.93712013898336,0.839042751899018,-0.0997544304941682,0.8663521846709582,-0.3785918991810822,-1.498598189319531,0.3695825481523522,0.3462688142267132,-1.3206686434839814,-0.3545028396656578,0.0047483689244191,0.1137158685777979,-0.9401194675359724,-0.2452667888658417,-1.2466952089742718,0.26380702422724,-0.1950880135391623,-0.4259446846710386,-1.0335629423423751,-0.5322872141858146
1952-03-01,-1.3014469350990754,-1.5053586198083715,-0.1323261364324601,-1.3218519588859428,-1.032286667314551,0.9041922385872452,-0.5063572742539698,-0.5818450139679749,-1.3169311882488195,0.5002104166765319,-0.2401022266203981,-1.1123219191833391,-0.1488671967371009,-0.0424980134122245,0.1868583804785275,-0.229273802742906,-1.2625266877085086,0.1022184225565416,0.3620291413067019,-0.3279222856925258,-1.6671238308888336,-0.4309775038306355,-0.2082865416626437,-0.9946132907421924,-0.9218628988664956,-1.113391741455228,-0.2762393948957016,-0.6073017510736594,-1.41855329756416,-0.5882302873758398,-0.4633717472166313
1953-03-01,-1.5585382017455065,-1.8200153943072537,-0.1729612865320161,-0.3990154806268378,-0.2569781328561271,-1.4582653030357875,-0.5772426309209643,-0.587637022753325,-1.3224246421174504,-0.0179858413181461,-0.5841988251004977,-0.306402819106333,-1.0251742189832784,-0.1655558894270757,-0.679520996265339,0.1900971307863963,-1.317653337079303,-0.4039001372737417,0.2875175143851213,-0.5105358056378593,-0.0225771361305241,0.1806313927111315,-0.902912160898625,-0.1964929354327692,-0.4626091516495274,-0.2903276140537037,-0.4838732273871751,0.2266355347630641,-0.7937369530640997,0.6165254696772229,1.5587304326594889
1954-03-01,-0.3796361008942242,-0.1717115982016401,-1.3375278323777888,0.6201830491393745,-0.9525400321234304,-1.790182966911861,-1.2128269055544667,-1.652427239129141,-0.92126371391212,-1.391781439228169,0.4547455989773749,-1.4091680698426972,-1.0745953814151417,-0.283092879510298,-0.7248246156660793,0.4929055701447868,-1.3556635835363784,-0.9157692653006922,0.478789754485225,-0.1608527057003335,-0.7501221419596333,-0.681184765191834,-0.988188024765758,0.4558095934498539,-0.04476407609306,0.7053570226208707,-0.7991994534233829,0.220394997423869,-0.084999867929411,-1.2751746791538088,-0.7970487394314891
1955-03-01,-0.9258782606753754,0.7634897997069818,-0.386749398457205,-0.2381004533129149,-0.9040744320906956,-1.2168209241127064,-1.9520624265678213,-1.136244422345074,-0.8400293285787465,-0.4802573017158513,-0.4531492576032488,0.5895575137847211,0.5504143808237207,0.2118221581209707,-0.755279628062497,-0.7162284455466953,-1.1419353164905088,-0.2988564141986749,1.162721643964792,-1.403578513907387,-0.8751469513687138,0.1013783327739073,-0.9542517784261948,-0.7397610742407134,-1.4902305442620891,-0.1835230538063769,-0.4910155216212448,-0.4217856478522389,0.5971386643751957,-1.622536051616034,-1.1981485523103774
1956-03-01,-0.8597472977005887,0.5171679271341062,-0.5002925863132671,-0.3657862336179651,-2.024398388609194,0.0646178872926792,-0.7861747531271153,-1.180113903170527,-0.9690141346189508,-1.5088571085605853,-0.94823325749591,0.5157175716146397,-0.587819853367395,-0.3423098051388999,0.0666810058241613,0.0184791219653874,-1.0967828764282836,-1.8044019652867531,0.552173261288611,-1.4666237497423669,-1.2268959080555148,-0.0953522797725215,0.0370556666717759,-0.6722824022030975,0.5593729808244371,-1.30627255540824,0.7705705695061632,-0.6718923679448768,-0.7602045176504978,-1.068098766717942,0.5607664086179822
1957-03-01,0.2705951149290404,-0.8284893040481516,-1.065868196668659,-0.1839048713675257,-0.0111484919557188,-0.5606661294429304,0.5544000652036668,-0.8158325720098035,-0.7245295280740846,0.3055149566814147,-0.5898312962679431,0.5510706901100658,-0.6287059933866456,0.2178025425774729,-0.1902063573475315,-0.0411527668263366,-0.5108352892596234,0.1687037745315353,-1.0442363714182137,-0.6974190285504744,-0.0871919993700505,-0.5484487511002447,-1.6732724014772316,-0.0348305622729081,-1.2266062465580236,-0.5326950967959293,-0.576451855207726,-1.004665806484668,-0.2772323782243586,-0.853042950410415,-0.3374087102268308
1958-03-01,-0.3597340509740668,-1.4783861285001942,0.0776848999438147,-0.8641326344155741,-0.4471347493520361,1.546864414459306,-0.4500454155571302,-0.3477092165831311,-1.1778432299051074,-0.5599606590555798,1.0391997680588505,-1.3004020344741618,-0.2121588032725176,-0.5654728058817262,-0.8765927244091576,0.0107167141740993,-1.6181863958025786,-0.3017207195427637,0.4828298364181452,-1.336469942505441,-0.3808950368106836,0.2989127195437235,-1.5670367924017243,-0.3264037976495138,0.7347051521971023,-1.0484661815615546,-1.0914048977079405,-0.4655174415352797,0.1396582641336677,-2.228806810269255,0.2432189741095544
1959-03-01,0.1074908569095602,-0.4170048209814326,-0.4439897289452522,-1.3273109583595408,-0.5268695178320841,-0.3920682735614457,-0.0078661414337051,-0.5874637007419181,0.0690273766412842,-0.0281803518847036,-0.3572152144259244,0.3331610528715777,0.3545591530454653,-0.296847854361591,-0.783881144103948,-1.7013298634878853,-0.8838628740817951,-0.1806350997294238,0.1755491910148877,-0.2772640301115181,-0.4836080670464179,-0.0901691258839961,-1.182393721929668,0.2689469126416561,-1.3001965733833207,-0.9386352620085832,-1.8035766698417028,1.375199978540658,-0.2039487298557016,-1.395303343044903,-1.0286812930636855
1960-03-01,-0.7134825868224721,-1.5253193506849476,-0.2985699464439339,-1.873937353390872,-0.4741817094133524,-1.0487949100350082,-0.7784621408358476,-1.6409631391631436,-0.2700246882082995,-0.8061478617360884,-1.6571130905714853,0.4684175301373642,-0.8937942603375656,0.6491333933671705,-1.2633511573934733,-0.011623351796506,-0.4947332763203417,0.2159784392057896,-0.2272454166109202,-0.1437479991543935,-1.2827591409368928,0.3998248282184058,-0.1604211250025551,0.4534342410348852,-0.6056562167328747,-0.9634330631297292,-1.0986542778113042,0.1827016909926079,-0.5916116437690889,-0.3497749119239525,0.2961760791106111
1961-03-01,0.1108701309787771,0.7536557726805128,-1.234436880389012,-0.214587611069568,-0.2016347106598846,0.0804561246857878,-0.5478347357012623,-0.8167347557090843,-1.2585494358231932,-0.9443638756674226,-0.6344928818795657,-0.0899858632962439,0.0245405540624462,-0.777511582988711,-0.2637386684651245,-0.4282785273518751,-1.5085083135667592,-0.6338986710904997,-0.8136457585342278,0.0477020763934717,-0.7917547467329309,-0.9339407248270852,-0.9341187294226512,0.5162892531417769,0.3674793542900258,-1.3565894165720551,0.0586884901027117,1.0893002413498365,-0.3823761984335089,-0.8387275479819943,-1.566818481599772
1962-03-01,-0.2104977572854831,-1.6017448069542872,1.5949698775670198,-1.2914695308035802,-1.3464319158906952,0.0133961579273109,-1.5853274652026752,-0.0924121947131415,-1.8596320738410532,-0.4172058428182282,-0.872057855537221,-0.6744795552026698,0.3129307289121291,0.1954854440963987,-1.3294222293902271,-0.4395881031309986,-1.240325891632415,-0.3161623567091103,0.1229887213360257,-0.7845755694648507,0.4460524218956924,0.1679542569381399,-1.4324729528067384,-1.30266066375459,-0.881817282599921,0.183328394345789,-0.2906815805945982,0.5715773223760218,-1.9602700136377944,0.4542096779411446,-0.7446796867615824
1963-03-01,-0.5836936433227784,0.4923110460262293,0.7058102133762095,-1.6628799530830378,-0.9924858654798108,-1.7123214601857848,-0.5324966911554552,-1.2728147133341077,-0.7221389533817462,-0.1707072082624066,-1.072715717597824,-0.2348225515100555,-1.1272684074161303,-0.929274923810774,0.5327659276256382,-0.7502499596742772,-0.7183082907574045,-0.6491402319699512,-0.543578938803694,0.6200904690772097,-0.638895989673471,-1.8177338321305656,-0.5196031386099306,0.576357601441505,-1.1527929310709444,0.4733390069295861,0.3523800778943375,-2.060555112537714,-0.4068755145996256,-0.954560868309602,-0.7154021135489992
1964-03-01,-0.264238267215533,0.0167490269534918,-0.297304893833817,-1.2003959179312842,-1.3697237865493004,-1.1987998829781177,-0.0436380813366652,-1.2166567328961913,-2.512205831997012,-0.7874049701287389,0.0899509895693486,-0.6987411988895965,-1.4939104007137174,-0.3152682783653099,0.5816421731780796,1.0485816348987094,-0.4618641318867504,-0.2177473105857065,-1.5560993284231672,0.1354158298021954,-1.3600470236776994,0.681046102430772,0.6182326139735759,-0.6523053624584034,-0.7377484545570281,-0.8323607394166432,-1.5264561094543665,-0.2768093362074036,-0.1028376087848791,-0.1881306103451881,-1.1584000299139017
1965-03-01,-1.8809999050612811,0.8327007011006705,0.9005172591445844,0.0075408524019074,-0.9863058208957516,-1.0847782112048383,-0.4276303822835258,-1.5294356071730375,-0.831318612817331,0.0932551159589441,0.0230033893770988,-0.2706675232344748,-0.8706620283580696,-0.0512327375882654,-0.4254929092050399,0.0250516956655357,-1.5756928324294124,-1.390571894138921,-0.1350016602710669,-0.4518764631381883,-1.101179204940287,-0.616963687682046,-1.4655395827823454,0.6696443281437187,-1.2319269171506402,-1.5993337680337745,-0.3570435289853532,-0.3172375116843495,-0.958553965172126,-0.953847459617044,-0.8312595871105333
1966-03-01,-0.7121156064116306,-0.6549092620556725,-0.4918517855226176,-1.291676994523835,-1.2234557731221518,-0.9281104624969856,-0.973539277703882,-1.192706762993288,-0.3210174384908089,-1.4571957438081955,0.7015180385880067,-1.410044658318217,-1.102073066558047,-1.7959001352165742,-1.068449556140192,-0.8041318362589679,-1.8552585204699856,-1.2930650723969443,0.4466707466473182,0.1799909252469838,-0.3073019585788761,-0.9952645592228708,-1.232352502309362,-0.33943364353388,-0.6992827567733206,-0.2775330088638977,0.3060719476331291,-0.7679233254559291,-0.1968378828106071,0.0068267894300198,-0.4022146728825084
1967-03-01,-0.3394000358466589,0.836455753573115,0.1051399001289776,-0.3047600759982881,-0.8827874861409676,-0.8324291748835172,-0.8211031573768895,-0.4002547103041264,-1.3328260914441017,0.408473026454885,-0.7693975996753125,-0.5622109937162999,-0.3337908685318989,-1.070142867958515,-0.6313554494032072,-1.134291001804405,-0.2375897540092404,-0.5655057275939682,-0.947975006759146,0.053453806083949,-0.2820282193746036,-0.3806396815001661,-1.963876601433564,-0.9194420255062242,-0.1840324576414909,-0.4781222834069581,-2.5783793277927254,0.331304799737034,-0.631945306061478,-0.9089665742744842,0.0776119229407082
1968-03-01,-2.219696364698432,-1.0436604529266371,-0.5182225176012779,-0.0238679216421771,-1.4264996500186322,0.3884360021850209,-1.0682291200951035,-0.6655913561451041,-1.6358888576409436,-0.725478667254302,-0.1383589447876549,-1.1193508917933352,-0.5384399056098726,-0.8817670696916861,0.8697456120200829,-0.3815263092830032,-0.5339483793333983,0.4151227852831178,-0.9892032158368638,-0.6400620773044479,-0.0415291886294471,-0.6351289703231437,-1.69012524397471,0.4150923619478484,-1.619389498346702,-0.0438305833585539,-0.9994382042782992,-1.1390066620021646,-1.0231511369366089,-1.6281854520570656,-0.7320826466204675
1969-03-01,-1.4680471616852386,-0.2146998341288423,-1.4998003183664352,-1.2245185775475194,-1.070707202540793,-1.7512241842814738,-0.0978522930094777,-1.572140325458915,-0.5391203201878039,-0.3747159845736614,-1.3159552388546292,-0.0133639252491812,0.2223221856655856,-0.2672655691544809,-0.5254926724434557,-0.0289630543866037,-0.9250667728097308,-0.7552817324056453,0.2162549267094348,-0.1364806671419738,-1.2823325420133826,-1.0779652732166656,-0.8703725848778509,0.8425298620694572,-1.9876312121821216,-0.2596914012084346,-0.2652875020029517,0.285629471446123,-0.314539564211144,-2.12409235768895,-1.690402343837662
1970-03-01,-0.2028304869664132,-0.9888841146391196,-1.3066736252740605,-0.6596615526120816,-0.4913646248090293,-0.7027904435182594,-0.1301899627651664,-0.4363252306376473,0.19557041149522,-1.726498411546186,-1.7063188268756722,-0.0825132625240164,-1.4212677731750818,-0.7045967596593985,-0.9908257024057132,-0.5217388876684717,-1.641591941038953,-1.3241171166278418,0.1752235528388355,-0.5953399427506215,-0.8374369149931581,0.3207578912008796,-1.3944406306297514,-1.1384921693305652,-1.4739188737023907,0.1719339540859497,-0.7990656235451183,-0.9410199913167436,-1.9667766725785,-0.8363191165769531,0.2374453093750275
1971-03-01,-0.951578370948131,-1.2474974579445843,-0.4825903409551263,-0.8083817341249079,-0.3955321292568695,-0.1938584264632743,0.4561077638962783,-0.8676573397866731,-0.6581058574524448,-0.4599304760612421,-0.6439560752556154,-0.5192561571075074,-1.191685875859149,-0.1450244240922389,-0.7954658490797811,0.316522990886894,-1.9464905178331104,0.571075272349937,-0.5961252238163095,-0.2229234433961538,-0.5319142716332059,-0.3792443166493701,-0.5871675936153905,-0.9224126317262415,0.3819579437700935,-1.7377849346553305,-0.4828643072066567,-1.1993481568026405,-0.1858950604910926,-0.3416041394142197,0.5689987889690731
1972-03-01,0.1770895720846645,0.3681189553648043,-0.1903967940388203,-0.5782292426065102,-0.2307677768885234,0.1101403293532644,-0.1329486838478097,-1.3690400804023235,-0.80497238707193,0.5400864792543247,0.0785277722710559,-0.6084833771767282,-0.4956579917716764,-1.4084832807725816,0.6169916845257879,-0.768355623206484,-0.4041372638184928,-0.4747857300690535,0.1311903383072793,-1.1740312064142693,-0.5866524262909917,-0.3025601698179144,-0.6634201716360383,-1.0825114651569023,-0.0609738698217593,-0.0237337657942619,-0.5183372160106875,-0.4761949649421577,-1.2496128924457464,-0.4036684827127227,-1.0646487819879464
1973-03-01,-0.987229081142196,-0.4501093530685327,0.3249660968169671,-0.9319368950128528,-0.4136278955275707,-0.5571377745586023,-1.158316903561259,-1.2203464989935005,-0.9549465394517964,-0.3474880380534016,-1.6672849699848162,-0.1618035111270474,-0.5026801112693736,-0.0048480586681194,-1.747423493323713,-0.6426208096875183,-2.2906531063430826,-1.258723524069837,1.0540796554870584,-1.2675890096151377,-1.6736566983238148,-0.3904691478939252,-0.9929425356565976,-0.5847018954880715,-0.9820326753693638,0.0093047353388619,-1.5832476735454075,0.0240080478957081,0.4899711194880561,-1.0464967362282152,-1.408409130441826
1974-03-01,-0.6227742607225195,-0.418231057552121,-0.0008845262740294,-1.1356260749598168,-0.4897277246248903,-0.8637907071374085,-0.3753476954562222,-0.1943718206699368,-2.463841812873899,-0.2726493148790705,-1.0280307846233905,-0.2812756847888525,-0.0003521233179784,-0.0282431844773096,0.6634036490675528,0.6272176982246057,-0.740058810459842,-0.7682519450724562,1.5520389576011735,-0.0969530416976226,-0.1714883940753803,0.3914463226735832,-0.5642332122423298,-0.2941373906981376,0.0503303643936466,0.409892685527764,-0.7124011134085759,-1.570527617841002,-0.566648757930505,-2.0959520022904594,-0.6618003462520718
1975-03-01,-0.97227633532412,-2.1366541848431937,-0.2245376803834081,-1.1577063293350558,-0.3618867137568701,-1.109105749238227,-1.23588303912865,-1.1397455474438147,-1.5690368734098603,0.5818197496971955,0.1757178234536683,0.6836294449292916,-1.4581156081322544,-0.7390742778173341,0.2570047893648828,-0.2774625910466312,-1.6665290330920768,0.0215191143624495,0.2263850410797601,-1.1906408213117148,-0.9499733009050838,-0.9901413408038848,-1.135827817215184,-0.8811678062397889,-0.1121899599614629,-0.1549277286337053,0.2693904299234421,0.7090061127226235,-0.4315501731502799,-0.3939573258308506,-0.0971739100080942
1976-03-01,-1.5555679409252834,-0.4112951583928504,-0.3810490509049039,-0.1200519622741291,-0.3791406458651596,0.5835753286150483,0.164310609064971,-0.5978125818355927,-0.7351144045432794,-0.5756421931335182,-0.956226993821778,-2.1313955111276113,-0.3456501247155812,-1.355460084533728,-0.9766325941378354,0.3346564020548962,-1.077864924934701,-0.1824064114271828,-0.932191500444264,-0.0853783520537243,-0.6493481062811007,0.5429889643207965,-0.7637858073663044,-0.1071860991793118,-0.8241765735690936,-1.797600589334269,-1.154520820284585,0.043879598927453,-0.2697429493139028,-0.5629126340176954,-0.6930536780529326
1977-03-01,0.1022879944655496,0.2203069106099505,-1.3379484318806636,-0.7463490526832576,-0.8222310290675946,-0.0547244903134594,-1.3150421516965063,0.0670657547928313,-0.8384312353815907,-0.4345995274879289,0.9601288666717256,-1.346476357360299,-0.6397821152667547,0.3040754022882677,-0.7182442628598057,-1.3468124468444678,-0.7186258397212711,-0.4356012379741024,-0.573024770441253,0.1001848330906251,-1.051285951397009,-0.0551568232592605,0.1987214323607547,-0.9877420581445184,1.0937192091845307,-0.6935267483553663,-0.2663459425677445,-0.3016491957363117,-0.1972451355611106,-1.1673410685390282,-0.8938354938932352
1978-03-01,0.3864085058369713,-1.4534795453355844,-0.0551346348903371,-0.6778139900461863,-0.5625959751854456,0.010124388248254,-0.5131755593821559,-0.1793477733011059,-0.7908356228747883,-0.1955205953102221,-0.1916102709176323,-0.8529602548083519,0.2930512774053178,0.4162650920672581,0.61398008272338,-1.1743396968712343,1.0489249693732228,-0.7526626341735196,0.3146770546657184,-0.9453843569627686,-0.8619327611510852,-1.0815930333176684,-0.0665500469311187,0.1189355730880818,-0.0472364079715305,-0.2495336688207656,-0.8572071049438215,0.0167162684481456,0.0390325973021179,-0.6183895574543313,-0.0959258899095927
1979-03-01,-0.7332826094764571,-0.4232320695741182,0.9534093085813542,-1.0739052465210237,-1.2938917677664192,1.383323784999125,0.3032592609825866,0.0167031466880733,-0.3190959919657096,-0.6069893635307597,-0.591825262403018,0.7205178087598635,-1.195726872635728,-0.3258437906064454,0.9411101156400542,-0.1041825880409077,-0.3388946656464838,-1.5005952000111658,-0.1780203750339317,0.005948688371911,-1.75210951950326,-0.9930999743474446,-1.2603471830753663,0.4439962158587121,-0.9995284258919812,-0.1166107468355216,-0.6873849728451561,0.1427062386283847,-1.3011629839121188,-0.1031898872438946,-0.4613555470240575
1980-03-01,-0.6098936848847095,0.1403286128464347,0.2723778287652182,0.2229446405686095,-0.111697331574938,-0.4269977982444822,-0.0482421549518764,-0.6858568965946035,0.0273171295753061,-0.6462766915350179,-0.813073759160154,0.018269829167104,0.8409324395799648,-0.8498257163671522,-0.1147119190286601,-0.4202222707151564,-0.1119387918810419,-1.4174612720877406,0.5264639037876799,-1.3511806077233908,-0.1561458991614178,1.5443814571589027,-1.2212450207185208,0.2717268287629141,-0.1252244843597557,-0.0123717364178076,-1.885795162156822,0.113361401361869,-0.5839201933049774,-0.1993091588307663,-0.8413213265658499
1981-03-01,-0.6526864119266154,0.5061325311180539,0.7285526501670512,-1.6267859626604984,-0.4168413656037455,-0.4730707630726507,0.0003348701801919,-0.647358610218769,-0.8866952468978945,-0.3925946775221831,-0.5432022400892329,-1.1539679070747308,0.6789378590118662,-1.0516516450039697,-0.4386884657112868,0.1688721860153958,0.4667846216186624,0.1874984808813934,-0.2151321170860049,-0.520026788586221,0.111771524685319,-1.1798655693791766,-0.3061590885064053,-0.4558950333675594,0.0582522824547139,-1.4378703520869085,0.5955143917386316,0.1187210358282358,-1.0712662210832358,-1.0198055742590426,0.370199420733558
1982-03-01,-0.7038523347219517,-0.6653659654264042,0.6606947541671562,-0.7537200231297546,-0.9455970253716436,0.6194245836703705,0.3097147227647228,-0.8738916125470924,0.2867285500169101,-0.4097468033756855,-0.2232892999908102,-1.1866400228306655,-0.1449850277537073,-0.6763545496606246,0.4913776204061765,0.9217442500389812,0.2228922143833817,-0.8064825590963819,-0.9081225130152388,-0.260566240321437,0.3914782524004191,0.498539106712584,-0.7932938267024785,-0.4139020256098804,-0.3165721091804394,-0.0883529777616401,-1.271440836666724,-0.4581513001157312,-0.6240557547640226,-1.0151189460018943,-0.3242872670220522
1983-03-01,-1.548758522646622,-1.2905264500884148,-0.5989685744368003,-0.97654322820217,-0.5277911423169518,-0.0512453622197804,0.2821729752080181,-0.642654615617161,-0.7567430855225529,0.7569473365933221,-0.0350732820442952,-0.320268820741091,-0.2956212726018581,-0.7095460904052894,-1.0829499059140313,-0.7447161827249857,-2.0973475251034035,-0.6644575952137889,-1.9600372610197112,-0.09909898716971,-0.3856574865055247,-0.8463281760560416,-0.962505930755266,-0.3562044318293376,-1.1380187393412715,0.5765910402777326,-1.9237350084681064,-1.3369872176631306,-1.1602630423601477,-1.0210943967813642,-1.0485806101697883
1984-03-01,-1.25570677727323,-0.9242544298108464,-0.8714583684661054,-1.3691354738814077,-0.172881022584342,-0.7004821171141936,0.1818138239474136,-0.2540489960286458,-0.1555503782619184,-0.8988243462048123,-0.9764514629029908,0.1150406748594574,-0.2257077804275609,-1.017802016250333,-0.5359985413822844,-0.8651340403738909,-1.0915472572043214,-0.22339946933672,-0.2765512667402555,-0.6671127671438749,-1.1461589847500324,-1.1867285055571617,0.5454021578918146,0.123594743856394,-0.0342698497020775,0.592138178202642,-0.8160860990165678,0.8355812690661942,-0.1333095469974683,-1.1079691705303227,-1.3404194769127558
1985-03-01,0.2696433915950855,-0.381007512779796,-0.7167907712376368,-1.3709729691322916,-0.3988817132032781,-0.2551129387493882,-0.3136968349591273,-0.8271542115263555,-1.7499229275698134,-0.4798010009492771,0.1130590814358324,0.2337159186709967,-0.7186530258726739,1.038762099809966,0.3177067461843089,-0.2554750119533882,-1.066131842330827,-0.7365148603570406,0.4485178740256691,-0.9634357127815308,0.527054355528415,-1.1493522149579287,-1.3190890678506684,-0.2071016291878559,-1.988134860447088,-1.2862947419100252,-0.0011923118909067,-2.400751879451705,-0.4949732155505564,-1.464874271840702,-0.7044330636544127
1986-03-01,0.4499436978403159,-0.2643290336449898,-0.4960617692326384,-0.5016119638027262,-0.8191268923146112,0.2147981927442994,-0.6844313412707311,-1.7198227564338509,-1.5458719480939649,-0.3604729140944954,-0.3625028441871441,-0.3345958804581614,-0.6307539050136326,-0.5943506846213831,1.0133298419477617,0.5538643428692056,-0.3480411256468199,-1.3450865003589356,0.225849812219922,-0.3634890888598291,-0.0177547544864235,-1.369354303798684,-0.8992165627551888,0.9949415037038608,0.8930708410819027,-0.5409085541086768,0.0318786757969767,0.6701761867167311,-0.4068834268862837,-0.3659834013468099,-0.6733984246983025
1987-03-01,0.0034936032660138,-0.7355597686311218,-1.3670863803779263,0.0175711483169253,0.7792532386341814,0.6180268311232097,0.1584153563688378,-0.2936187898071417,-0.0676137573466096,-0.7279374090767095,-0.8393865557333696,-1.229035935718518,-0.4766232379742312,-1.108141466852138,-0.0923125948631836,-1.1366166590244309,-0.7085418325107731,-0.4650758500911157,1.1965727744196282,-0.4145333653117347,-1.777293201955966,0.7003890326621256,0.9613303595245288,0.1598650420758356,-1.5459669415523145,-0.7594193804278745,0.5750096226919349,-0.1319171210269067,-0.3263546815374094,-0.0492244582706044,-0.4297671614182489
1988-03-01,-0.0886393508047382,-0.7243254393487177,-1.149781339026766,-0.1658567578829971,0.0987937739496674,-2.141910176738296,0.4065655052177255,-0.4628610786342755,-0.0088603383582635,-0.8046149429448456,-1.152178986401586,0.0063938617691104,-0.9963826506752426,0.5409439015981616,-0.9205281352021776,1.1170933832896497,-0.4442551721680041,-0.3260609074119658,-0.5398551432354127,-0.4595015558556971,-0.2050254070854376,-0.5516787743729364,-0.1759612158472866,-0.7828597420941618,-0.6248915394348002,-0.420607354053794,0.6938367613580847,-0.4983286727683776,-0.1903787651322974,0.1492002065260597,0.1745227553782112
1989-03-01,0.2205823441152662,-0.032578389140664,-0.6251081140032242,-1.3849641572622535,-1.293754522081742,-0.0214701720705935,-1.382706822948735,-1.2702711035287249,-0.4136662535552921,-1.3077372462526629,-1.630360199925896,-0.926936874139379,-0.1320456023523002,-0.7005699408877017,-0.1120321698784814,1.0861702414072922,-0.036350157959874,1.1441957691076825,-0.2075458966042842,-0.5547791005955437,-0.2955522160092898,-0.1478869434215531,-0.7250215022874229,0.5487964446126524,0.1711878387253828,-0.8157646004419629,-0.9196058080689236,-1.018757464324923,-0.431488835424045,-0.3102460749114759,-0.3990939465487495
1990-03-01,-0.6893360155632537,-0.0070423368036155,-0.2919948734643205,-0.4259432249363123,-1.1110147838059146,-0.5141796342055514,-1.6726878079104053,-0.4881387048573298,0.0163529316192527,0.3871887372891446,-0.6298036504945055,-1.617615277512794,0.1085716376104787,0.1445544701182048,0.1347860741229516,-0.1879003007225407,0.7295207413198389,0.6510841197674305,-0.5445088027387492,-0.6456505705395262,-0.1556191935542411,0.6106877681923909,-0.3321766210841467,-0.5165250231495743,0.0503130487870645,-1.2289886247147457,0.4016460375938461,-0.7150728249038616,0.7297639155287613,-0.899058750887714,-0.1688766469705896
1991-03-01,0.0912645985042239,0.3106127000155303,0.4358556034693039,-0.3094749373647305,0.4477416564299154,0.4396649283199614,-1.53510419994895,0.2582789739859751,-0.3606582911504454,-0.8102297919055936,0.7067408766260177,-0.2130893347127648,-1.6900358870467271,0.3888115827461222,-0.2864427020081105,-0.0029791559415984,-0.7835302407557964,-0.7378643773463505,-0.8458017090469446,-0.0431625946504228,-0.1686839442451231,-0.4857585163315937,0.4054598768609768,0.1774361393030311,-0.1425827251119432,-0.4984226007872382,0.1729333536717728,-0.0397835904141272,-0.6573543770634122,0.1194404719387093,0.9398628701261842
1992-03-01,-1.0122266518276866,-1.4186534208951185,-0.6332658249950571,-1.239259662490473,-2.027504868092629,0.0027672090745909,-1.3469421003183966,-0.4757555004924648,0.3251326579972787,-1.2551052260639968,-0.1374745695313465,-0.7090278021289191,-0.5548714744510287,-0.8323008151110131,-1.2841081283824551,0.2719669323624066,-0.9124438461664804,-0.0570389798786332,1.4726380235993748,-0.6865363672393469,-0.397586579263266,-0.4321485044742528,-0.7878512064696643,-1.3753476740488315,-0.5160959689200967,-0.8010085437463454,-1.232176889647619,0.3207543838478522,-1.0543708799808982,-0.1002890037780085,0.0944703632239696
1993-03-01,-1.729049229114907,1.0829280130985173,-0.0876032105262658,0.0388243888199203,0.3027350777520174,-0.3285530850515751,-0.496170063449475,-1.2567080983799217,-0.6115572110665674,-0.3738982608062859,-1.425601655367058,-0.6761369222660576,0.3253229273354857,-0.8043501945664864,0.3981077513979645,-0.2292235761940711,0.8369267757154855,0.6212869460996912,-0.3085963043857846,-0.5587315341295708,0.9387584088535326,-1.1112722405960629,-0.7598640963482656,-0.965649205229866,-0.2616797686293584,-1.0207177374144558,0.3530074893910641,-1.6691720369408622,-0.6996681778926036,-0.5308868483441291,-1.020636862215112
1994-03-01,-0.8084143519441899,-0.7247975393160008,-0.8449539324196247,-0.3109624284223207,0.2604462172765347,0.7566529620011178,0.3311071041319953,-0.4605252448060684,-0.3807027456697313,-0.7791279586097006,-1.119349400853098,0.2077246849999643,-0.5814373750575604,0.8172901223782931,-1.180484388544292,-0.1101597243444763,-0.925227646410297,-0.9602872523976146,-0.1533303819764809,-1.7307676028427867,-0.6280689584906952,-0.6418347326725408,0.0011203244593335,-0.7222557160357826,-0.6676333728727808,-0.4479214701666062,1.5138096588351688,-0.1392066239841579,-0.4481039565119363,-1.0555866979290212,-1.6892281099765372
1995-03-01,-0.9318984634609252,-1.1486070297217617,1.1899598551263468,0.6629007461779364,-1.2070019009343362,-1.0970154383934705,-0.1662414050293427,-0.9492356758960846,-1.560555189425201,-0.7450345584833902,-1.458265768902163,0.581598737674282,0.3469344563814683,0.8393664129722129,-0.371993253298255,0.0516808419281697,-0.6115970163871884,-0.2695781481500631,-0.58501278325792,0.860544865326631,-0.5192741128584755,0.1694191896785086,-0.2899747627773907,-0.2029383756380859,-0.585937474108057,0.6503641780619122,0.0387209601945062,-0.0922365677298614,-0.46506276562311,0.1676760244962929,-0.8369136655898914
1996-03-01,-0.1816641815000513,-1.045765495004657,-1.3586117081542026,0.9562468855445828,-0.7813066376014619,-0.7163637508914587,-0.5938349217413773,-0.3600546658460849,-0.1195321857208472,-0.5464925424144944,0.1606911688203459,0.8191499508935844,0.8051450582086906,-0.8059852167806344,-0.7271683725797743,-1.518412633044343,1.0215772878491411,-0.8635152441207622,0.1640482735785625,0.0041673083474963,0.8274436136697648,0.2334286370724598,-0.5104720866856278,-2.1631372488038707,-0.3861289379101889,1.6710715030384722,-0.3943489973780026,-0.0299221883544267,-1.420818636522046,0.4139641592374787,0.2111345581869549
1997-03-01,0.3504644560425405,-0.346659415768737,0.4238184201572248,-0.4623466979912547,-0.4300002039274487,1.0254975304568152,0.2629879106567263,0.1761559710670606,-0.1121879011280876,-0.707720228126642,-0.9878757494211432,-0.1930369177937257,-0.3212091167964073,0.4719980250045609,-0.4834494042321377,0.330726357330544,-0.251164182793866,0.1497432394379146,0.910936741797467,0.5540314345231127,-2.0216147708538537,1.029392802360104,0.4120472145727213,-0.0383055632306685,0.9322106824089444,-0.1863197134654035,-0.5490482314395186,0.1659602296878209,-0.8027231787187247,0.0382618884589956,-0.2702877703126239
1998-03-01,0.4336006415466901,-0.8124824145310341,-0.094962790972862,0.3424812931461344,-0.2414258512203759,-0.2396183026916766,-0.7865290705372218,-0.4399583521668232,0.5161229463406405,0.4752401022769587,0.4245933984720706,-0.814458556805129,0.900955022785882,-0.8597045922017187,0.1863426919254963,-1.2987044062359523,-0.0923330597830221,-0.1306801451569055,-0.1262642509828208,-0.4334792368714802,-0.6471997693405712,0.1452531021194366,-1.0979228837880828,-0.2165690493397356,-0.3552238772275173,0.7336664420996769,0.2252496657851017,-0.2838684786935786,-0.2033797693906977,0.5483596893479796,0.2881577115511185
1999-03-01,0.1818006766094463,0.3881657205661833,-0.9860316377411644,0.5817708758701475,-0.4721409683065916,0.0839191449167292,-1.1591037264109187,-0.5649542647211339,-0.3949591478933274,0.0180497337167101,0.1811996356558531,0.4385616861672666,0.1794647633921121,0.7649742788554861,0.7936204946817159,-0.6406985732229528,0.1222525512593133,-1.0857953160475466,-0.4463505994650587,0.1547753091160302,0.5448095937577352,-0.3206940765594935,0.3149943755493281,-0.581112070419104,-0.8415342749353226,1.5287466418071134,-0.0823347796357448,-0.2042673037407128,0.4698840013128543,0.2721530731762509,-0.0925861731274457
2000-03-01,-0.7504997015014423,-0.4682273837160464,0.3162209327149298,0.559773683343024,0.1267435840477043,0.3722874995768381,0.2446072376762975,0.2958293303448343,-0.0456635354992876,0.0351692605556146,0.3026110951144556,0.6930197943715125,-1.0290126953245358,0.6853226280257155,1.0014654102750258,-0.0780743284616791,-0.6134863980411828,-0.2770870340621141,0.5727022502993527,0.4957556352389724,0.8672780311808129,0.2374370184164265,0.1760135162655229,-0.2190414081697362,0.0392768930857103,-2.15594373900224,-0.285703709541327,-0.4409813564014874,-0.5469387944505704,0.1352197819590371,0.5340554277623295
2001-03-01,-0.0770994383588128,0.5553522711139672,0.9532482030905288,-0.3083968889802246,-0.4405119180000002,0.2350679322901882,0.0286152730891378,-0.6296962723904337,0.1409977010224197,-0.5167886781151227,0.4483356679491782,0.4248141508340176,0.2499914024541498,-0.8235702007068886,-1.1609354061918014,-0.3435927857408354,-1.1509237877752387,0.6358195443435432,0.6506858315449648,-0.8066509398061913,0.0798128209187878,0.5106494201588416,2.0292888113104683,0.1647821782556415,-0.8687871869763779,-0.5705600517303095,-0.401353604467538,1.2588029225989177,1.1319072142143596,0.8517233452214091,-0.0502023259265507
2002-03-01,-0.5759146240033753,-0.3901668060782313,0.648091154146658,0.4985029234391851,-0.6427364093664533,0.5445914130828188,0.4807964524907318,-0.0321023851931985,0.2536387767882056,-0.3565030816241885,0.5635464226099313,0.3871153016621201,0.9650417755520974,-0.0534179572782237,1.0485978373019196,0.031263660939585,1.0935819580646984,-0.4707594337045325,-0.2652383113193002,-0.6784350807408449,-0.4270634070624186,-0.1439863680721464,0.0686116046426238,0.4250321405720426,0.2625365159773758,1.77733975754495,-0.3121884034229787,-0.408352438429571,1.2823867966516311,0.6244648727610415,0.3445080358326846
2003-03-01,-0.14026023068829,-0.5600301832720869,0.7988700703663864,-0.181830600613857,0.3833357180809853,-0.0358204454310708,-0.7223281622347547,0.9988394675324118,1.4018465395116757,-0.0275126882680052,-0.345721962059859,-0.1423115825193805,0.5083292730876054,1.0639351220548054,-0.1876235306600288,-0.3506617591428426,-0.3688987929987329,-0.0181510668821177,0.6750741351099514,-0.7311823361164976,-0.8529989673600418,-0.4476673948455705,-0.4531146119306805,-0.1921485500295876,0.1356841742790305,-0.0040473808371624,-0.4159700983698969,0.867018573502712,-0.3385035096102412,1.300054981367601,-0.526505509541771
2004-03-01,0.2543959046065768,1.403359843725756,-0.5543235466730188,0.9699913970566544,-0.3282681987393921,0.3408394120204763,0.3698838137188167,0.2340674643549408,0.564591886236447,0.3276495963715595,0.0558291841573547,0.0628172625312281,0.845574940367013,-0.6681908495339791,0.1768798644885813,-0.5868906374602919,-0.2591587647496602,1.9986208395466447,-0.1232429199836955,0.511596322138309,-0.4817764605151478,0.155459733943636,-0.5070201492042629,0.5423410783364628,-0.7542233981441235,0.6269136597485001,1.1287090917460405,-1.2997772379420434,-0.1756928375341067,-0.0863444452500349,0.37970677355529
2005-03-01,-0.1317100751165694,-0.4582572850135217,-0.0535897186585089,0.1893293436689314,1.1781537395438428,-0.032713136835945,1.0337510652649289,0.1954908706721721,-0.6430352168730034,1.4939301990745375,1.239930689125348,-0.7720932321551787,-0.4893755908066591,-0.3542192531263474,0.4713995296851019,-0.6107990258605858,0.4009795113390189,0.2084583243698274,-0.0517261108675398,0.20475624580607,0.357656863003236,-0.347405201501432,0.1658979873944499,0.5785873675151513,1.346994148614165,-0.0051224320994471,-0.3310682628415058,0.7301836487323632,-0.5410071058519856,1.1165181746833717,1.018234933995742
2006-03-01,1.4862925820816375,0.5055093477352745,-0.6085013105897491,0.0344634807639211,0.1786083717735283,0.0154079379598407,-0.3696814087104126,1.7773390518744374,0.3861030503591472,0.5779288184554823,0.0487467159020355,-1.2009346065491175,-0.8134318263033145,-1.4973090880403417,-0.0691970959217832,1.049628822107852,0.481175557341691,0.6013650513543013,0.0216082124459269,0.0034980386587712,0.2081475158909907,0.4986665748886434,0.3896181588950763,-0.2377238574089298,0.9117039014991628,-0.2375144004221004,-0.9776634608188484,-1.3763517852859188,0.6758511272188567,0.2558308886351332,-0.0653391292702215
2007-03-01,0.4600659945848693,-0.2826471088680327,0.2337285781161482,-0.4188200607906214,1.0849547359329796,0.2149671054425229,-1.015751950389804,0.1237589230703033,0.3692939336636475,-0.5146812556660781,0.0562807137051898,0.6905492843650674,-0.93234887769688,-1.4616110809596627,-0.3093985685138372,0.3256742429391411,0.8556650975431036,-0.0443692648858618,0.3217073438450777,0.5158459978949341,0.9028999150105644,0.3484969381524344,-0.1175983162496057,0.4555670827289699,0.3138023200986736,-0.2588483327862194,-1.1927690933631117,1.362083726124753,0.2272903766125939,-0.4928036112628423,0.2076576872186632
2008-03-01,-0.2119601143466024,-0.0480671468318773,-0.7302508887417974,0.2044297792970031,-0.0108720229213803,-0.2107737308921037,0.5654525620854494,0.9732404197169832,0.789634222865838,-0.4807528207474884,0.9722880787419246,-1.1972272700864497,0.6760367264649807,0.3427563346610844,-0.3166970764184196,-1.0057415668407654,-0.9885914303616912,0.198892770781971,0.6197885961890187,-0.0214257586044134,-0.2067272776590271,-0.5284868050840854,-0.2070511774749176,0.3585410939615462,0.5836610467350343,0.3242390612916749,0.4010215673625632,0.1606060919353001,0.6312587079185134,-0.2336492349837858,0.5502961980106135
2009-03-01,0.7200156121825017,0.1269900217663176,-0.0434368559413705,-0.3776604468774445,0.7526055860378777,-0.3153643002291601,0.5474665197546507,0.3554706054909702,-0.7243433993894057,-0.2867065892162408,0.4458743511721572,-0.1695027532501481,0.8624865767934982,0.8762497864409332,0.4158872568299792,-0.4307066009663025,-0.2507272881343463,0.8489576717871362,0.5176613116166391,0.1644581860786944,-0.3722962672425736,-0.1582116369015774,1.6066450467825435,0.4629507036136518,0.4483903722155334,-0.0020762816569079,0.4548862505774784,-0.5095329678424322,0.9898184547490384,0.7095504779068023,-0.0617067507517485
2010-03-01,-0.2800971150792237,-0.1187294177728851,0.3488906440781064,0.9578593794778624,1.3054458207493105,-0.9436394541871084,0.4448839771725107,0.2494440748575487,-0.4926763211145028,-0.3162474612049518,1.0533995118396071,0.1431316222298377,-0.3424647383066292,0.2220320464791374,0.6055826299930269,0.0668271138136344,1.0821371010038934,0.9428559318257778,0.6042551514450114,0.385364050360763,1.054352315009925,0.8746248625053898,-0.2917882195237595,0.7608985530648854,0.1358147317078144,0.521907356186934,-0.1620049800278606,0.7344240443412506,0.3336879260078322,1.2019647736402814,0.7460971703979545
2011-03-01,0.7853118649809149,-0.0706412358848616,0.2860659866537087,-0.0042411641422913,-0.2434614055496889,-0.0290735283304102,0.1348276546393013,0.7172536314370497,0.7306419406307542,0.2301373386155311,0.450132734599661,0.6850647300532601,0.8390203802268454,0.9583802343976068,-0.8115709995050755,0.582705849807395,1.1473686290484262,0.7540230580045771,0.0490162320700529,0.6823305955401733,0.3262921523692666,0.6957842329029429,0.7541607954010162,-0.3585174727295855,-0.050827734402227,-0.2682574595928491,1.0354022603281945,0.5469285031940675,-0.3230604121425629,-0.2592418230648497,0.8360757705957245
2012-03-01,1.2530709851122743,0.1345612555833725,0.1698012002660147,1.262229656062133,0.6689514458189071,-0.1135746254866458,1.2539522932596656,-0.1772971798969431,0.2041237865483026,1.1879172998112224,0.0335168838953259,0.6684975223806586,-0.981092643953756,0.0910804303861468,-0.8032295935166167,-0.4579137540202789,-0.494905233949021,0.0261164793033866,0.0019095632827056,1.1035282190955138,0.3707687348121595,0.1576244764209654,0.5369968242832107,0.5586576365950737,0.3874054985870703,-0.0564941433576215,0.100990183051354,1.351235083948812,1.0278063735362866,0.1685096379620283,0.0236720831993058
2013-03-01,0.9781526424229516,-1.117048049839569,1.1286717661710994,1.0337480764712146,0.5420279210739669,1.1896143195468492,0.3823822208584236,-0.2461876159134104,0.7965847140435705,0.0463120397147409,0.0731022792762213,0.2579875877286353,-0.3708093287231354,0.3388047733635505,-0.8652910410213488,-0.9656277210522958,0.3721598723393011,0.0283391571164346,-0.1937612671531272,1.52585386361722,0.0269133800164728,-0.0576570261773537,0.4667120126968155,-0.5890285041458079,0.1466161370300368,1.43410578146318,0.199904068848979,0.3444097704938528,1.0221702648554043,-1.2072705703013704,-0.4906396837891587
2014-03-01,1.23887267060466,0.0654851004445346,1.2454592495215848,0.5520961270607107,0.1537351963093956,1.0517082796278892,0.055631720923755,-0.3919469823826239,-0.7034936899540148,0.516177160240686,1.2431401062148513,0.8988410166731102,0.402806326052524,0.7426601707458582,0.9858557176535248,1.6202947143238626,0.1083394704303203,-0.1567810505867258,-0.4502078657763049,0.1774173194347796,-0.6565483247182111,0.5294845535419943,0.1242437899794321,0.4468622967398225,-0.2321000833752447,0.1126843120783699,0.5440020279614438,-0.7413804002317232,-0.0214703383609487,-0.6441511806805735,0.2342481535884404
2015-03-01,0.7085556005960503,1.3469808399861336,0.4499223838779198,-0.1022033039780763,1.272864715135943,-0.0794568403158507,-0.0009797047626563,1.2042472890176483,0.8179287952633669,1.6364527024090665,1.1946362327430269,0.661603429522969,0.0067616107301509,0.278420161385174,0.1729754740363062,1.319974003616721,-0.0908395224179959,1.7385920369567325,-1.6400870691717553,0.2820606301477,-0.201865639594562,0.3004529354091445,0.2329955654715986,1.1762415183594,-1.376750156856119,0.2315607830830013,0.292282677423582,1.0202883437619266,1.3021991174948246,0.189246753005533,0.9092636352253602
2016-03-01,-0.4374575869937025,0.3810973000646726,0.3657955449910007,1.0052205309121016,0.9553323343711438,-0.8555183458840377,0.093123477965348,0.1919483498219511,0.4113803202977963,1.323089299240363,0.0608487051121274,-0.7048890837271387,1.146229547003479,0.5886929212841778,0.6605402297915353,0.6061559213392903,0.8127339832350035,-1.464904135386906,0.9654970325995812,-0.4129356960273347,0.6402697340541902,0.3111188677574276,0.1824779239968681,0.5411519617145879,0.1214179683631771,1.065590434700974,0.5208779302537195,-0.2905116378125172,1.245007759086548,0.393162845077498,0.6171025799939813
2017-03-01,-0.2028670390803535,1.9970528038339983,-0.2041852030920442,1.810131846229148,0.8322003168861724,-0.4586207039917218,1.2458704500076805,0.911189389472955,0.608166908850841,0.6256383759934776,-0.4309982638649042,0.1376236961351835,-0.4365671697608302,1.0759267042593204,-0.4440561287764166,0.4778087690946047,1.6145079252863983,0.4427209920920741,-0.5209155907932849,0.5598707663745957,1.001721792169135,-0.1401248961783722,1.3529623078151711,-0.5452597339136,0.952164979795768,0.9057083628737288,0.9462466667429223,1.755925847832805,0.905921482744484,-0.1566662518626485,-0.641239628508131
2018-03-01,1.3311835983233793,1.8618271121715864,-0.8702818496290031,0.9729889780698072,0.4595616906886399,-0.2648523554617195,0.3510509169970912,1.8570483098956472,1.272600524791882,0.4160122571212416,0.7205478109824586,0.1064413783442693,0.1048113321106415,1.0550993878648989,0.6384997002298581,0.0550863903338578,1.0753538911810994,0.8142845587373916,0.3043743370167828,-0.1405827659866829,1.0162853005543273,0.3499897456520489,0.2630330352635917,-1.6026196372937265,1.317063032077923,0.5700186670638769,1.5720842763563212,-0.4454326594237384,0.13119896929479,0.6293578859295362,0.6608057806982818
2019-03-01,0.885400966427703,0.8777900594702388,-1.088256792076732,0.2682386862711553,-0.0307235539993045,-0.7798873226665145,0.7819528969009526,1.3442371232126884,0.4057832369697687,-0.2608340930300321,0.7051501806073831,0.8884391098667078,-0.2891353915004929,0.3933400882282536,0.1556530805125435,0.953763737258144,0.4332816350932076,0.5737989923450166,0.8129679804630109,0.7515265188197062,-0.3655521159359862,0.4655368359673463,1.4832659891511877,1.2731625792539996,0.2024377705321478,-0.2934120302397672,1.875221451028544,0.8498238067932806,0.884991865989094,0.8970315365336858,1.0938532559662808
2020-03-01,0.8507244595263688,0.6948578569989551,0.9456935499000512,0.8074507402053575,1.4008254634531945,1.3403180582911385,1.073787648651532,-0.201486712677014,0.7107029470172818,0.3731593942006981,0.8890652935662928,1.3451166862448318,0.5237650333206627,-0.2972839789933792,1.0475442795366168,0.5054390748658377,0.5731945747903482,1.0827785993474786,-0.3540387705369827,2.0770395849541012,0.1958720576435562,0.7298781115940236,0.3139302277143488,1.2580008236220823,1.4511197536973566,0.5005144854610054,0.3056487124398213,0.322685238035753,0.1328377439604158,0.2654802970056237,-0.0765771361429379
2021-03-01,0.8129616139435516,0.5825586854174949,0.939881574823,-1.2554130626880151,0.3450954696450925,0.9813120529561736,0.0385456396440364,0.8361155263751177,-0.2218089655164883,1.551349064399877,0.1996759955195372,2.1637197880623784,0.9662674828735364,0.9333544284504612,0.5221521931030462,0.225551067904899,-0.273430788663687,-0.1656456369173794,0.3913373980308691,0.8919590470585502,1.4959175065252366,1.461600460275005,-0.2538092670629209,0.8473603249603945,1.3908252949633413,-0.7703852509976999,-0.7241196833312772,0.2476450503809863,0.0605670887880896,1.3841360240379297,1.2699090707329932
2022-03-01,0.0257995921380545,1.503997912551179,0.7807719250545395,0.6831955931718353,0.4347760753222273,-0.2365300895519355,0.933932946179661,1.6349145108571808,1.2391655190289854,2.6123111440610227,1.3600563526248697,0.1059468797616798,1.3728415752003158,0.8478870924091536,0.4480720830925311,0.0345753616096469,0.8597799402827975,0.513249714779119,-0.5554666577220081,0.6068265509968128,1.9636319897863992,-0.3175131983883842,0.4742251849355188,0.2847051482463243,1.5734546713224744,0.4564196251814375,0.5921842402162932,0.6114576221531842,1.3259699690376654,0.5010053061109804,0.7824299238435641
2023-03-01,0.1797429940100555,0.897450031653795,1.5172219840721877,0.6329079784151583,1.3863993515463586,-0.8507375544192656,0.0694484860880452,0.5454904293103277,1.3152151781658377,0.3560376482895939,2.038803265062755,-0.8953696888391718,0.2429983122025018,0.0070188562448939,-0.6124814506728516,0.369626621305679,1.2707987940356111,1.5350675956881368,1.257572286521284,0.9507051960629532,-1.22034213960866,-0.4022739247975929,1.2206320981116108,0.2129355094427499,1.0920962954639262,0.7729378896410403,-0.0397280245090603,1.3010863836120028,2.0300691397222,0.5858601110325911,0.2778019145599554
2024-03-01,1.3390698572897886,1.7978755559091228,-0.5089583311898899,0.4312648604182563,1.2838881506850088,-0.1439099439646537,-0.1103922783022429,1.0822957089783625,0.2499555335826312,0.8593398055902474,0.9388100339943334,1.2372022033042158,0.5557870103259648,1.1057105280555244,0.5241261482489256,1.667182593881974,1.3174488406245668,0.8335128487119222,1.678004357194591,1.374438832166229,2.595328951877496,1.0290700863892928,2.141522292210205,1.8801867617417627,0.3075816855244597,0.7273858773242116,0.1447765568741174,0.735493936740108,1.9473967535205483,0.6537524113721956,1.0515717446637718
2025-03-01,1.3276986326111433,0.966191896106098,-0.2469902030059321,0.4233925807619965,-0.1213572111787579,0.0075113766605895,0.2864994229970258,0.2246558589695538,2.653550177770416,0.6046560687749014,1.0827401547462856,1.031615893348146,2.16619169202399,0.2315376105801266,0.6149159940519704,-0.1858074732701071,1.2730737830922654,2.1936227828720227,-0.2398396445023591,-0.0471839948705683,0.7680227085646121,0.4883130752487085,0.8247930001347883,1.6101679613148765,0.3422431915836851,1.7427523887015022,0.9795244848610236,0.9817682362285924,1.7302504272057242,0.5628321428580654,0.2573140897688103
