,ERA5,ERA5-Land,JRA55,CFSR,HARv2,TerraClimate
1979-09-01,1.4911158757141578,0.807540349236004,0.7413838943018468,0.8170276710103407,,0.4124327508700285
1979-10-01,0.8858397352569605,0.24394588500764475,0.2245758764770157,0.4978263711406915,,0.22359645123767302
1979-11-01,0.49209237227978503,0.07775791670688871,0.00026610185359041664,0.8910179194614231,,0.16263752287881153
1979-12-01,0.2456248786055043,-0.048250204760807595,0.06763302855895564,0.8738318022526441,,0.2704316712436378
1980-01-01,0.148274995445496,-0.05262539738236761,0.07824179749664868,0.767178558211727,,0.25327829279185526
1980-02-01,0.13371199133404474,0.033071880907998966,0.1013762179110071,0.6681643328740853,,0.3044385335249765
1980-03-01,0.13875890329899393,0.07086348007969483,0.15603326451504404,0.6634653460170106,,0.27362835771108973
1980-04-01,0.025954942251936522,-0.03357891000587218,0.10440658355955633,0.7576676636916112,,0.12296453410275328
1980-05-01,0.010604209027723051,-0.12221949265186792,0.024183170857142833,0.9010242630891768,,0.010928886979713849
1980-06-01,0.13497037322972577,-0.21169404613081289,-0.2721761002663188,0.8962522813206433,,-0.12812114086430193
1980-07-01,0.35371897362187993,-0.19177268158135735,-0.6155645669420517,0.964027840047153,,-0.033343532229617966
1980-08-01,0.8594530796901617,0.21386051071133813,-0.09952893519308509,0.9084496545621871,,0.05487134579040494
1980-09-01,0.6425870495972612,0.5897320000653695,0.4697682223113803,0.7684507437630712,0.6324810006939817,0.07080843152671203
1980-10-01,0.5255059741844246,0.3443374106458884,0.3478703951136632,0.4081903403359643,0.47475697581065723,0.21124134472154782
1980-11-01,0.13457591000867722,-0.06850495231710842,-0.09583162859236635,0.985508989728714,0.111130912130638,-0.022228431660842273
1980-12-01,-0.11538019826374996,-0.3128307333577408,-0.27420055399312937,0.6554430416128497,-0.19193176139299042,-0.21281304905083603
1981-01-01,-0.19745312972523724,-0.4186987469666974,-0.1692592265836555,0.5849644533775501,-0.18097595941166325,-0.23054837314895743
1981-02-01,-0.19800138665744907,-0.38642743164896765,-0.05377582377262851,0.4604807140430028,-0.17988829618891,-0.2629442894807837
1981-03-01,-0.027282911434115754,-0.20271414507497323,0.11206320919906569,0.5389514617294784,0.007578766840368294,-0.16741622565180736
1981-04-01,0.24187950639599537,0.018628226781106358,0.1993697132248898,0.6161968382725858,0.16456906851144312,-0.016589388762662735
1981-05-01,0.33266631029934957,0.08080285700264891,0.15271937755436038,0.7022499394523298,0.2852766220887302,0.09196575518230478
1981-06-01,0.3613506740503519,0.036171361089495,0.14886194854792756,0.6528306008052912,0.22432002956028183,0.1442404461553935
1981-07-01,0.1384479956304626,-0.20701133704438165,-0.47733838450472266,0.6088623365477002,-0.1835410481959748,0.012466382486109517
1981-08-01,-0.1867255397650151,-0.43702553728658705,-0.20845053510066444,0.7272768002147588,-0.36678871158126025,-0.10244809502312092
1981-09-01,0.30645916672209605,0.19580347351385022,0.43278381299451657,0.8014760501491255,0.2822259159016964,0.09542286390522893
1981-10-01,0.021893819780926485,-0.1291330385348584,0.2502989596780977,0.6279935649083817,-0.04698248605573871,-0.3697188150880229
1981-11-01,0.2442664293770289,0.1824348265088251,0.4146281790725857,1.0046552673386444,0.2177247162969852,-0.19330889224648587
1981-12-01,0.2553720203286504,0.19689000439840526,0.5037909670937022,1.0698281770597096,0.17339731924612312,-0.23673897307582606
1982-01-01,0.09711916161686746,-0.009690718437954857,0.49836103853908637,0.8812310431173618,0.0499738868650305,-0.3688440167004479
1982-02-01,0.11623874368187159,0.05043111990548068,0.535997775620262,0.8784272629905118,0.08774102835293965,-0.40774965660589435
1982-03-01,0.1332123846629209,0.04025092499717422,0.47632490931972954,0.6280292604387759,0.116321394184226,-0.4183849899427292
1982-04-01,0.4273095706814107,0.33777646629378216,0.5633953312726132,0.7085761831923141,0.4373041009920464,-0.15735451067423376
1982-05-01,0.5711580734705043,0.3872707088137928,0.4396810352402226,0.6344530599950997,0.4720193900623032,0.043375079983413715
1982-06-01,0.6802522119958465,0.4941578275763483,0.4265090887682768,0.39183468416712913,0.6441262896734289,0.31098879195456025
1982-07-01,0.7295436789678454,0.5315395128256412,0.2756264462123611,0.24850103459865958,0.5075185682531798,0.24754004823348083
1982-08-01,0.5027429723979651,0.383568059541118,-0.013476272989315577,0.2979044785471565,0.4540194109499555,0.3882582091595795
1982-09-01,0.2325683718462855,0.1458499834788461,0.6549489984073638,0.19517734403865664,0.036096192350048566,0.08661874950148751
1982-10-01,0.1517854860061863,-0.05978205597023578,0.32516581211938894,0.11695981015767566,0.008774343983332876,0.09507702771794367
1982-11-01,0.37396093236008393,0.1781699298780376,0.36712757904593835,0.2699083442046023,0.319291651374665,0.35755383638072463
1982-12-01,0.46947995556036504,0.3418650715562237,0.30574054438910075,0.4359772889987042,0.4727524060964055,0.42567994082067256
1983-01-01,0.5864684483084263,0.5526957810486238,0.3961651483889372,0.7548795228108928,0.6117324533563189,0.5633499306686669
1983-02-01,0.6429992256140793,0.6154881669432359,0.36306028416563363,0.9616724903617726,0.5955241686674598,0.5447308268138605
1983-03-01,0.7586787420332799,0.7036949868467124,0.4254685708501867,1.132407147335514,0.7347822752974994,0.6061435742123953
1983-04-01,0.8864607700474818,0.7459001944013526,0.4720222908539688,1.0449276537889984,0.8315110004124997,0.6155422616582108
1983-05-01,1.047888869078743,0.8589449095874806,0.44246617447491676,0.8682915799980013,0.9600633941828003,0.6366211787761819
1983-06-01,1.085140250648477,0.8272919753472103,0.38704707177168646,0.46030312802843926,1.011311837376029,0.608392862281325
1983-07-01,1.0038912098930872,0.7108389375950039,0.12126897978597345,0.41851179547173023,0.8226245400522251,0.4206859773629717
1983-08-01,0.6944011076535744,0.5761308081134473,0.13197663948392918,0.4123033256286294,0.5982323829246508,0.37653610681973987
1983-09-01,0.25918464720700035,0.15777569914259926,0.2851659974952776,0.3342235307226628,0.06883305221404401,-0.03146473945874174
1983-10-01,0.13518989723759772,0.02030618030773578,0.4428885570165903,0.20878657182795443,-0.06903967456955774,0.12262963734111477
1983-11-01,-0.007365803506660218,-0.21280716240866515,0.0632119249349377,0.44960378553824,-0.13897233205581902,-0.09194408628025037
1983-12-01,-0.11476705099390491,-0.27208364522630785,0.06227593007034926,0.5655035745921843,-0.15589466107092623,-0.04230600131713348
1984-01-01,-0.23680361129865274,-0.3336517587904742,0.05966568902629131,0.8847644034996107,-0.2500177134999688,-0.14702358976911134
1984-02-01,-0.24996535852363583,-0.21093648484802996,-0.0005942926395974655,1.0961141343281353,-0.24454648977368557,-0.2126922985729427
1984-03-01,-0.3316015173675029,-0.24722846070799706,-0.1382048231197794,1.1242921409084594,-0.3936061070338038,-0.3440561308406668
1984-04-01,-0.425186386412498,-0.3635925527055022,-0.29823866462006127,0.9387128674794167,-0.4775405266209305,-0.4766659067285427
1984-05-01,-0.6120007370030822,-0.6359427891811403,-0.44477966284261267,0.49160890629069753,-0.6962838337103741,-0.5220206612065761
1984-06-01,-0.6149716934774992,-0.6612890772470439,-0.43875213425734855,0.07914938980266684,-0.6034912593384246,-0.44194551119099884
1984-07-01,-0.4270731144569411,-0.3889579764464186,-0.6119074582717912,-0.00037439560127059876,-0.3860882726199513,-0.23816240418407003
1984-08-01,0.08536583388165837,0.1455685797135181,-0.37255583935176956,0.17648214635969703,0.036868641018173505,-0.06464122947294529
1984-09-01,0.40061528409400243,0.31499289105349115,0.3111723263420344,0.159071648778752,0.27260167729651186,0.13127040991939443
1984-10-01,-0.15530008877944215,-0.26165204414639737,-0.054680908716298965,-0.16683883400365432,-0.33384487110355443,-0.3227799148495068
1984-11-01,-0.38955425118247344,-0.3865984220741427,-0.05933575508774668,0.27053765287932136,-0.40750150473021635,-0.41892669658165893
1984-12-01,-0.43533038894707127,-0.34327658055334637,-0.028199141957707223,0.24120179023918806,-0.3938390906106458,-0.4414765836781283
1985-01-01,-0.3139632048837077,-0.07390035374799295,0.1887958346194427,0.31557702672184973,-0.27997980452026106,-0.4777743267901168
1985-02-01,-0.2755577141030882,-0.049548523471553835,0.19314615179753658,0.2800052134543895,-0.3712784124939435,-0.5832667567726395
1985-03-01,-0.3449262356743043,-0.19344739496937263,0.1334473718427296,0.2615175446925937,-0.4607510876136451,-0.6348286933262123
1985-04-01,-0.3218815704087477,-0.31706048866500663,0.02108362089822068,0.15130279599233024,-0.4951758967936745,-0.7034770826542714
1985-05-01,-0.2659384918216568,-0.3478081103152914,-0.19608368342059113,0.036584803745457514,-0.41456699824623716,-0.6057740162818989
1985-06-01,0.024896387919021847,-0.005873640808025482,-0.2724777324987905,0.0114267478918369,-0.039906219984220205,-0.47325494181669053
1985-07-01,0.2477477489451176,0.21113338493051323,-0.3170699919743421,-0.2561482754973024,0.31937178398833443,-0.2350477437903156
1985-08-01,0.5763764025877024,0.5771990771784058,-0.11669971734914678,-0.02885846205811939,0.5578832877714693,0.08469476453372897
1985-09-01,0.5515038619112351,0.5972606057725134,0.22257019197097525,-0.04629498836702406,0.44592839482859437,0.391248223534434
1985-10-01,0.5966324433012132,0.6328377796976532,0.9715607643487331,0.20686724309694302,0.5444010399842356,0.48357821946016905
1985-11-01,0.557888931969027,0.6566830074779787,0.7385223778721043,0.008775958833126318,0.5815766831186032,0.4148177633468524
1985-12-01,0.4729727176519135,0.6023612277462788,0.6682294033720035,-0.0008436962443372231,0.5411764224253278,0.5832769162756826
1986-01-01,0.3093624237065086,0.42482129363007937,0.5930979092923964,-0.046446568286577165,0.2682220594515065,0.47852697645151626
1986-02-01,0.034301312962253167,0.10668786347929923,0.49210285724048713,-0.02489188395234663,-0.036161214035859035,0.39476404009530697
1986-03-01,-0.2316886480991225,-0.14712865818240276,0.5095746173164664,-0.03669198011607777,-0.30843281286283214,0.25158648240838666
1986-04-01,-0.3036649842901506,-0.17884143754162868,0.5643279268176555,-0.05727052263262178,-0.29123963709316797,0.24373224831820425
1986-05-01,0.07170675322031682,0.23577697199912284,0.5747663935760385,-0.10253852581132361,0.04894577846726047,0.336793305206373
1986-06-01,0.2770625608137216,0.4102748991984141,0.3543518308334898,-0.23222559353629163,0.21658570357313486,0.391370153220485
1986-07-01,0.41345539511652035,0.42200261762793606,0.1797862066967094,-0.2789942857893904,0.2534418610598512,0.30233111914705074
1986-08-01,0.11630286705916572,0.0501501155438281,-0.3606656333373761,-0.34725955537691744,0.006534167416242244,0.05187643706756036
1986-09-01,0.4585611722799149,0.4472236407457435,0.4622594602028051,-0.10748998327106918,0.41376792809495705,0.17720191316850983
1986-10-01,0.5631309151888378,0.4737343921773607,0.39683375556670186,0.06104589658935492,0.48344875571252993,0.3470242202207998
1986-11-01,0.2985443729111564,0.23743121792958585,0.22639027588086202,-0.11479771153225732,0.29988841020349005,0.47014501662718916
1986-12-01,0.2786271596938987,0.3198543917368542,0.3177487794344888,0.06386720131674029,0.28717203214588344,0.5803206318656572
1987-01-01,0.051694878567532306,0.08842440733105242,0.29249913534674016,0.190701062979787,0.025333415317030105,0.5037022356945154
1987-02-01,-0.173945952183572,-0.15778709183486317,0.20117131644064407,0.2532511862091835,-0.24172237120648896,0.4368831140002794
1987-03-01,-0.44214013627158527,-0.4753510188637051,0.09149567945312595,0.1842061983636912,-0.532570303366421,0.33072330268967076
1987-04-01,-0.5133203316356084,-0.4345138462028035,0.0706096066126952,-0.09815990728358442,-0.4629014348185883,0.3857973597895657
1987-05-01,-0.10163833305350285,-0.013176414336846876,0.10034732088568372,-0.18216002986843868,-0.21465230203976868,0.5259412075874872
1987-06-01,0.0797979575075967,0.15629265695649447,0.21411043865541202,-0.23617530732792053,-0.01767524059944779,0.5810519070215301
1987-07-01,0.2768996267867819,0.20331313433021572,0.336205104771188,-0.20612006913116182,0.07280012658503421,0.4884410855923717
1987-08-01,0.14495364338355168,0.09956293550833636,-0.3582964715384474,0.020571207069774708,0.16590656221104913,0.06301764989344648
1987-09-01,0.3201638650538185,0.36970131687220276,0.10832355005268578,0.31319084586701856,0.23100912431332457,0.18112432461271136
1987-10-01,0.3958191792312725,0.31085050336776177,0.5151689654749071,0.22570683696669777,0.33965352227274853,0.3340283403193368
1987-11-01,0.10968305651535984,-4.9399681844110875e-05,-0.019712231329159533,-0.15920812447222565,-0.07872115405083623,0.15047523615602065
1987-12-01,0.03203602904338934,0.03517466667755942,0.046601097291455736,-0.23681988298732679,-0.07665861314308839,0.23681595768476005
1988-01-01,-0.11945728119705515,-0.12858344145830675,0.012309041876003284,-0.4588044133229444,-0.2293987808896874,0.12720834444655257
1988-02-01,-0.24879599529073454,-0.23979715988957798,-0.024082001778273094,-0.3068394381913338,-0.27439625003295104,0.12065906455895264
1988-03-01,-0.16110912015579656,-0.03808453213795855,-0.00028388746711690085,0.05333962083024221,-0.09886416016410463,0.19976077815777424
1988-04-01,-0.11810836379648117,0.10335993776032833,-0.12037168045386071,0.3035575226358085,-0.06063126098980263,0.24423951388013007
1988-05-01,0.04173967917408787,0.3155249512892408,-0.015897611792961577,0.4664097753465085,0.07967413681024155,0.33660977508044704
1988-06-01,-0.004327830117197396,0.1765234952606758,-0.18007507197099393,0.37651977634690836,-0.08099432819738353,0.22920437242332115
1988-07-01,-0.037851781042192945,0.10165396386223596,-0.23806679105289014,0.15189830035361263,-0.09346812364173678,0.17220271227372538
1988-08-01,0.007067182180570567,0.11116318514284387,-0.19425934030260888,-0.2508340766071682,0.016800118254159346,0.0187803461614215
1988-09-01,0.19209095742622914,0.22285348206393563,-0.0022678745545770393,-0.017959084340825947,0.2059433037080988,0.06509273165195842
1988-10-01,-0.030097914424562312,-0.0680813942979929,-0.25374723743513106,-0.14458053759772033,0.040506144151676464,-0.4047991548829387
1988-11-01,-0.11919630683102012,-0.14767497105640148,-0.25279351430809927,-0.4152979040921842,-0.10370858188810947,-0.4979001783651931
1988-12-01,-0.1862849987824971,-0.18053281190925546,-0.21210093155350673,-0.709265143073773,-0.12524218874332,-0.2546966892163693
1989-01-01,-0.018493418814971626,0.10403501991615792,0.04885302524443206,-0.45309705996751803,0.03990492150096977,-0.11832316872455077
1989-02-01,0.04941338486211998,0.2340285883770025,0.10949722982260937,-0.31575897470338116,0.10854267723362754,0.02269485153565873
1989-03-01,0.05232618229286974,0.3358756179505165,0.119766807937036,-0.2551045025473178,0.029567349679957614,0.035613386995518734
1989-04-01,0.040554163775630675,0.31879721308918313,0.10441984321827687,-0.4721822415989606,0.06094253308297488,0.11908585180369438
1989-05-01,0.07631886540880156,0.36470968951632826,0.0802486946105325,-0.41810017751050993,0.07106873028128981,0.07819446478116392
1989-06-01,0.2873001873168536,0.551420556761941,0.27469339955982447,-0.10731571580447034,0.41059896539003704,0.17481898274134297
1989-07-01,0.32310414745949323,0.46468907778515206,0.1998088354603174,-0.04429263828963954,0.25481240457195903,0.08986919039419
1989-08-01,0.4504415712216614,0.5990670129013654,0.26697637488747483,0.02360662184338235,0.4395755944769671,0.15553019985408434
1989-09-01,0.06887671269419413,0.1169058624304789,0.055946954389400706,-0.29253578648341416,0.16960361553338027,-0.07143709533587851
1989-10-01,0.09176099973052003,0.15588750933409645,0.1745403417947447,-0.3494436824014398,0.11029816363690753,-0.0077416846223848194
1989-11-01,0.24990071017088328,0.3065311088775732,0.2623675157734212,-0.14798108759668357,0.34288337953822196,0.14294224125331476
1989-12-01,0.35586945169692574,0.42002115668086465,0.2965798168096445,0.0025047320917976038,0.4286888607585335,0.16147868514259148
1990-01-01,0.26429969745597903,0.29802328361551617,0.21305368127864838,-0.23668809950914102,0.3061603341844178,0.10895637231542084
1990-02-01,0.36130844314660876,0.4048356108355697,0.19219641605067633,-0.275868613239112,0.39445741086291425,0.1566371279855034
1990-03-01,0.4853097551869432,0.4988761980491385,0.11015021796900216,-0.31163970178725714,0.5095533114610556,0.33585510046079037
1990-04-01,0.6975670329754233,0.6898768701356063,0.21921748911025207,-0.14994508414033755,0.7210776375322671,0.5140611125875756
1990-05-01,0.7325518834004758,0.654868736214077,0.23386478183466566,-0.023808885789442326,0.6883457636540457,0.6859501969453697
1990-06-01,0.5787159800152495,0.4111749298442118,0.2964356551066913,-0.03387274815492866,0.453591962209537,0.6489373937983373
1990-07-01,0.39525993239798934,0.20886388819157878,-0.018903298991475557,-0.11645318954634122,0.14098185102196348,0.48554288907667736
1990-08-01,0.038746292709953396,-0.058067062873110725,-0.3757741922928249,-0.4810887832164465,-0.18920354757601615,0.19811657382080794
1990-09-01,0.16914043446028273,0.1630580231931737,-0.006130324952369422,-0.4202245532366902,0.09658150564308557,0.08380359594514471
1990-10-01,0.4002958515860446,0.29051529540507515,-0.031220466468741537,-0.3533323800166978,0.292235512429664,0.13432409134504025
1990-11-01,0.15699518223260073,0.012617046527908467,-0.20892414520288916,-0.5193869740859578,0.11510065133023853,-0.09362048156748547
1990-12-01,0.11515401059007811,-0.07176984140682151,-0.15541786936132326,-0.6684377012831123,0.12959726296551047,0.0902311546525875
1991-01-01,0.17075985737275343,0.04694158226280926,0.03320333580236507,-0.5663665097063207,0.20487652526827577,0.20402471835693414
1991-02-01,0.1795513321674895,0.030386615254053922,0.00721695639542592,-0.5813079977109962,0.19278551606667851,0.2137567415156314
1991-03-01,0.2471113915314058,0.11428799981234827,-0.060104571019812245,-0.5740075541457607,0.21193736805109012,0.21794980602539238
1991-04-01,0.2841209086952849,0.09026826985204911,-0.20142789289166493,-0.7299410003661629,0.21949093404767028,0.17454764171651577
1991-05-01,0.33188495745488755,0.05487692682512516,-0.1452985046611491,-0.7425618760128326,0.2494711718196342,0.10054296816742167
1991-06-01,0.3773910339384778,0.09507224838987523,-0.024353463461365316,-0.571455135614013,0.25512425151295043,0.08388226112698811
1991-07-01,0.3063777097485791,-0.039439877852391274,0.15214355897144005,-0.5368584447550652,0.025911574913171663,0.03967175422938644
1991-08-01,0.4229506763096413,0.38069282272823635,0.054865959584183305,-0.2444233106535565,0.2533959844718412,0.04100666599812109
1991-09-01,0.1572674326847168,0.2578628868077448,-0.19611612917933566,-0.26552304964904827,0.18919585636750738,0.034547084945566
1991-10-01,-0.1611459774022964,-0.04990432970033103,-0.5244887338945541,-0.48128995282525755,-0.07782432049776795,-0.4542785505559112
1991-11-01,-0.2097755836996891,-0.22003994165726296,-0.38167566888493304,-0.5781499908227248,-0.24263905142855668,-0.5241325231811822
1991-12-01,-0.012937654848872897,0.03935829605313395,-0.2309779442664627,-0.41123035120616197,0.11294462936137034,-0.40763797105744065
1992-01-01,0.25510529365955353,0.3128126783029022,-0.028115601127037003,-0.5143948471224732,0.35500563595638623,-0.3362062319173458
1992-02-01,0.4301022669410198,0.5183878787661527,0.18426731267995708,-0.3123910660657756,0.4832792027365928,-0.19986421826861678
1992-03-01,0.4488469387548007,0.5879718694708141,0.2582183454094662,-0.31142145875570215,0.44500659973621914,-0.08938322067962925
1992-04-01,0.27269993067813314,0.44546159244699063,0.2849904112961277,-0.24943160902687497,0.23088301404582573,-0.16343788513768362
1992-05-01,0.04609052653110743,0.23249767456498593,0.15799279275403452,-0.5593710031681278,0.0003774658402764897,-0.06326945268725971
1992-06-01,0.005079994160528308,0.18516970127633614,0.12768228337204068,-0.5464632567737349,-0.07021844468100909,-0.040140732671031173
1992-07-01,0.13085599688622065,0.435815248646455,0.3339751955663363,-0.3594641569175781,0.42047440473395337,0.3095061447279152
1992-08-01,0.317895244045777,0.49768993123860417,0.19059267741630134,-0.3965209145016124,0.44904786549911735,0.3733039983126793
1992-09-01,0.1605172499469674,0.33762299846284405,0.07002409919340519,-0.3599970962074787,0.22718493633567804,0.18271512602718257
1992-10-01,0.0030769660081740873,0.06786571857979415,-0.008593339913826754,-0.16354200058134413,-0.05970035517970692,0.29603680290509254
1992-11-01,-0.07492134904761748,-0.01744474178565599,0.038832955871187694,-0.2790212393994601,-0.0632479259162571,0.29975356177515367
1992-12-01,-0.13555335113633377,-0.12696585862673188,0.01815957033002122,-0.21012654317142113,-0.10575090721073603,0.22730390294414962
1993-01-01,0.03611147687174092,0.17672872103276724,0.22128742678028304,-0.28936586480088833,0.093709234989237,0.26407315385827324
1993-02-01,-0.02980468792684745,0.07751250738913912,0.04523101616601984,-0.23253758121291146,-0.00891453060630891,0.29083005436948123
1993-03-01,0.04110178001121358,0.2028004602134852,-0.03412160130852778,-0.2260781577008431,0.12503067713309132,0.36608808379377394
1993-04-01,-0.129871758860884,0.05261833498491932,-0.1973823550574513,-0.10350303018450613,-0.10532284527308895,0.3049405446284649
1993-05-01,-0.2177515230953518,0.03424819371764396,-0.1538944553534157,-0.03574176067426583,-0.09520141216709657,0.31381123487903934
1993-06-01,-0.315188237115618,-0.0978951064961411,-0.2903392691291289,0.04908813893566547,-0.25363510284952606,0.34261884106952933
1993-07-01,-0.47890648704665867,-0.1924171128439553,-0.3456425841293115,-0.1880846274742293,-0.23977308560301738,0.4066860648635227
1993-08-01,-0.20403960063502036,-0.010241754695356575,-0.05503954439321196,-0.03708861051266483,0.04928364528846741,0.5550676247988546
1993-09-01,0.3317049227821588,0.5185492845002088,0.0733765052064401,0.16405797898895602,0.4862661799601206,0.4686549164588196
1993-10-01,0.00010585719213333035,0.1963438299537553,-0.36605379201220234,0.0067983164793287846,0.0613061986076938,0.048981075477932304
1993-11-01,-0.06928406054833966,0.07563808954438302,-0.14219180722103295,-0.2906805978244476,-0.01590716301583495,-0.10723570485889108
1993-12-01,-0.3641304802606611,-0.3188538040759838,-0.23927623257406982,-0.5684006492998163,-0.43805482180010413,-0.3455330366588178
1994-01-01,-0.29721930068512875,-0.1829936343797797,-0.03177020940650542,-0.5867626699328558,-0.25820186285909874,-0.24439259431154076
1994-02-01,-0.005895377232658558,0.18770666236657477,0.08594226432364346,-0.44813022413488185,-0.004734711611910551,-0.1981548866701446
1994-03-01,0.17878386667339125,0.40328511834664993,0.22467006957258517,-0.2988823224392775,0.2152333600919425,-0.13289212138388978
1994-04-01,0.19555302726116777,0.4898426485988096,0.2528299963895873,-0.11857172622384637,0.2473150438316701,-0.14019487573082273
1994-05-01,0.05696531567027085,0.30589535649848754,0.1965619748498454,-0.07748203647418359,0.07863206908187535,-0.17234856363303336
1994-06-01,-0.17798147798759398,0.04369357288502033,-0.14471074044971508,0.049726150035027075,-0.24229038225173055,-0.20504129179067607
1994-07-01,-0.36801766828656585,-0.16507895461849137,-0.21557950895652536,0.06575400405798103,-0.41824262950999846,-0.2183917721527727
1994-08-01,-0.5241993292848752,-0.33740915998185356,-0.2245581891693099,0.3672491517485277,-0.408183985730988,0.0212934743711274
1994-09-01,-0.8401995908268454,-0.7550513923472282,-0.7110178017721452,-0.05955048536465182,-0.8329995059283662,-0.2418311438736416
1994-10-01,-0.5863091647234812,-0.6193380652240064,-0.6000859217737364,-0.1759789556752843,-0.595611326349211,-0.3477808369119258
1994-11-01,-0.6951072959899973,-0.7693789498147772,-0.4496107034027976,-0.23886421558511509,-0.6560747936311454,-0.24317650598829102
1994-12-01,-0.3584987749486246,-0.35072350245471995,-0.22904168753780324,-0.12717301368990105,-0.2669972911533652,-0.15379987352819202
1995-01-01,-0.05188082425580516,0.09029716721113988,-0.03603977779197951,-0.039138705968087585,-0.022657121650436197,0.029511081450165663
1995-02-01,0.22621131424319244,0.35407068699660704,0.2077301685988001,0.2392247609301826,0.25713544310024483,0.17382674893006195
1995-03-01,0.3745817749921934,0.4728333680917233,0.2665006192955502,0.4643536722065367,0.3548744535830287,0.1889091231528792
1995-04-01,0.524759178050364,0.5550880043448375,0.3523344031033763,0.7033004930516327,0.46156065992389805,0.236054010043768
1995-05-01,0.30984773524470266,0.29304980557104865,0.24254256899002163,0.6744040790467245,0.18023099189223588,-0.12913337662360266
1995-06-01,0.09118094749465322,0.04880775318345863,0.16567380363529122,0.5789495779201396,-0.10548811002081257,-0.28161001952817516
1995-07-01,-0.4545262424306445,-0.42227144445389403,-0.4695976223471807,0.1875520752515368,-0.7181234235288873,-0.7630195923163351
1995-08-01,-0.2960585238407887,-0.12847038827883175,-0.5681780400782012,0.5892040570666603,-0.1802903326007033,-0.47487528663878803
1995-09-01,0.1584679058485745,0.270287002199167,-0.05172860302009192,0.9659041898576798,0.1966194015831857,0.04873182380737337
1995-10-01,-0.10254576676282708,0.03363168013459506,-0.30081243726933427,1.0984941926579905,-0.03789801917334097,0.008861415587378407
1995-11-01,0.068285092674536,0.22495845103195608,0.09727630322277492,1.1419587760606211,0.13996187443306796,0.24291141256678683
1995-12-01,0.23181783749876161,0.35703262537810193,0.23707911450650737,1.2458371998733255,0.28556945867534794,0.22154462841079645
1996-01-01,0.36847211649600853,0.4705007409440872,0.33118968885295647,1.1241843086113452,0.3810955599836999,0.2892810830834847
1996-02-01,0.4182491860460288,0.4364277361157282,0.29090828311787637,0.9657762936210134,0.4098513992538851,0.3049245912225302
1996-03-01,0.38693039422088743,0.44159398984873255,0.29646759715153626,0.7294622884284024,0.4102145771887065,0.4731173002879091
1996-04-01,0.2859937564061506,0.41648245372593096,0.2561940977585989,0.6448729204066528,0.29300346002344657,0.5798664028615874
1996-05-01,0.18402496532004003,0.33944945376884,0.2316466573041115,0.7232533703782115,0.18390891980380736,0.6380246012360313
1996-06-01,0.10743040312442657,0.33478617749128964,0.1332922773214495,0.7793466794798297,0.07959378873551207,0.6440114855185951
1996-07-01,-0.09542030299196105,0.15775153874508738,0.008956615138111561,0.764539263582481,0.03517903840961054,0.5468277340240393
1996-08-01,0.11665304102340265,0.3320070712332085,0.32449562267552634,0.7445650512021309,0.17820077062495515,0.5145926927280017
1996-09-01,-0.08194607805696064,0.11625536801220283,-0.4219116335686795,0.7641220739352367,0.04894760193940713,0.4006611002516643
1996-10-01,0.21499281701524664,0.45567699816367985,0.08839636087415943,1.2080203206572695,0.4714485685160401,0.5726297510097295
1996-11-01,0.3072818417555088,0.5323145894708045,-0.07635269567252374,1.1675889936031734,0.3493104890306324,0.4300972193735977
1996-12-01,0.20306368084598425,0.33373774435004244,-0.26973809422766754,1.114808522853781,0.09274777224454038,0.16165656835700667
1997-01-01,-0.02632911772350342,0.021678462784554597,-0.2703223021965908,1.045720510832467,-0.18086524794837952,0.027897930826415073
1997-02-01,-0.11135223793812718,-0.12563590424430443,-0.05242961484181529,0.7688434883197958,-0.19167069569010972,-0.08491094494508207
1997-03-01,-0.14720087275334265,-0.1569872157587336,0.08462377635395521,0.4323337475525446,-0.1046597543533447,-0.04074701187390985
1997-04-01,0.08027667198674984,0.06699514660705942,0.31724054286931214,-0.027091335056965968,0.08030865316975819,0.07806762445321655
1997-05-01,0.16863038676673153,0.18815954952598118,0.32019569880479487,-0.4428836614430928,0.18231551542810717,0.25282397640762133
1997-06-01,0.22575497298152633,0.2522288654594872,0.43000769351483575,-0.48664178498782423,0.2769022638858407,0.4712206081850431
1997-07-01,0.04856029464970382,0.18881498169378308,0.031173621988193734,-0.3341690959991532,0.21257454866805328,0.4940833428581547
1997-08-01,0.14727535079393642,0.28314375664072666,0.15322810284910796,-0.13755208804104482,0.2759871311227631,0.5601458733540445
1997-09-01,0.17967026872112993,0.3079229274017042,0.09925869175187492,-0.17830433801981369,0.22555926463810883,0.37922019244447597
1997-10-01,0.46301579344807997,0.525690483010517,0.5058924464112923,0.3704588226813648,0.4459523327377267,0.42495557283008123
1997-11-01,0.6238860633273192,0.7176513848959231,0.7876906240265815,0.6971287246056405,0.7012542959581975,0.5264332526805727
1997-12-01,0.8175252569507222,0.9006183056738387,0.9050167513791889,0.8185275583545825,0.8705256352689316,0.6327550912057711
1998-01-01,0.9480991024647123,0.9969444865805595,1.0796445662312122,1.1532543724728979,0.9608700364044578,0.7517086793558758
1998-02-01,1.006728080422225,0.9871939251875226,0.983527684468918,1.2537419217562105,0.9952235867596568,0.7925780756909685
1998-03-01,1.0300073510608034,0.9417984111406817,0.9024457881705543,1.2980813004939642,1.0289599357260686,0.9100353125198177
1998-04-01,0.9115836985400272,0.795182262605866,0.8282515453207371,1.242338607340926,0.894485209614886,0.851263877933068
1998-05-01,0.6470467536032509,0.5560883265517379,0.7752554752843557,1.121428213759317,0.701061130446489,0.6309439048481829
1998-06-01,0.13747196220155358,-0.04471766567100669,0.39944184718562575,0.9234082278717765,-0.13293842425099464,0.21441776998034656
1998-07-01,-0.8160431331874466,-0.6981713709926167,-0.45264563598065494,0.40754250005758014,-0.8677495064324805,-0.21906576061775385
1998-08-01,-0.6704850719141902,-0.5656771571110922,-0.35142519241048686,0.34331799513252814,-0.6360546460663806,-0.2149676444892751
1998-09-01,-0.3479156440466523,-0.2577671326005776,-0.4472625917714968,0.5938808844699113,-0.3418573215624461,-0.1788338396319956
1998-10-01,-0.11606503684450169,0.12447465714144629,-0.2376355764977898,0.5372412848787538,-0.06912694642650834,0.2111749390825574
1998-11-01,-0.2494096450293798,-0.10735951683235535,-0.33592989840488985,0.4166584957592069,-0.256574925059139,0.12810932052490112
1998-12-01,-0.16035432147633077,-0.0013620450823707188,-0.3144591804144935,0.4218055927261658,-0.15629046398266383,0.10999308799326082
1999-01-01,-0.017298559443309488,0.04548850547575943,-0.13751892772033533,0.43761033270970584,-0.05745549307477555,0.13494978220863035
1999-02-01,-0.1371609711164607,-0.1129576221746432,-0.18215864257570114,0.28491536395273764,-0.18855886271484187,0.06843404040824014
1999-03-01,-0.2346591598573914,-0.2234653436030992,-0.17282251871584617,0.15725679364356204,-0.29001401256256815,-0.03417104215460538
1999-04-01,-0.6526763683014426,-0.6859100948323803,-0.3833311527263499,0.1139848876618905,-0.7120010524865422,-0.21110095091143366
1999-05-01,-0.7418698643779208,-0.6512073365719135,-0.4495940234584277,0.3485555966704246,-0.6629837824598742,-0.2970142700799622
1999-06-01,-0.6680092554400464,-0.51868405821407,-0.7227441833865597,0.5554273701560327,-0.6549307710942085,-0.3670224595411683
1999-07-01,-0.44974826751037933,-0.19482298984589155,-0.5336199881874828,0.6944191761636349,-0.24445835353858572,-0.16115454739768947
1999-08-01,0.05710477096878119,0.21028431766730116,-0.05170805943111902,0.9856960979646919,0.055634286579405855,-0.08999618212201085
1999-09-01,-0.3456102091856018,-0.303621414012759,-0.5609363642437242,1.0026063082051644,-0.14536326971681424,-0.09743910514212725
1999-10-01,0.10119900630910471,0.3086525853712426,0.07189886081770712,1.1925714627364563,0.2854326941380553,0.35977602305145556
1999-11-01,0.16554174592025064,0.2790632101715522,0.1590430378161721,0.9575516516556758,0.2650301928471489,0.4783165935011324
1999-12-01,0.20317321889231713,0.2879928528773044,0.13789498401959766,0.7962278139007543,0.1889695725195529,0.39317731881288115
2000-01-01,0.10544336109014057,0.1474417313270126,0.10759063185768807,0.34539808095337504,0.08215278239402773,0.3621982363945
2000-02-01,0.2305787457509601,0.28866882181821096,0.16634784189590263,0.014290770745127156,0.19049771546842836,0.3358337033274296
2000-03-01,0.3277979040748217,0.3751574662845579,0.24990281860445504,-0.3793766179876402,0.3118819305683513,0.2640659301989075
2000-04-01,0.38062771013492547,0.40567984114338546,0.31221989300663844,-0.3192842480602195,0.37575018450867087,0.28547996226136585
2000-05-01,0.18122629346578661,0.23490388166456502,0.2667035996784332,-0.30810183560847615,0.21241673489097707,0.2279217917368736
2000-06-01,-0.04407500316090819,0.0065434271819477105,-0.00803482337440678,-0.2841861160807082,-0.10463102961070231,0.20270817694894225
2000-07-01,-0.2813748545513635,-0.13866597302615036,-0.36712369012502727,-0.2599790303422305,-0.39546374717035926,0.018905452704987547
2000-08-01,-0.38880096466816877,-0.27295490700583075,-0.576910197375046,-0.00617696617843739,-0.2664144704650206,-0.03692966181123807
2000-09-01,-0.10860477671268187,0.032853350221204065,0.1266053896039895,0.0238479486091454,0.14671751871307484,0.32183556351853376
2000-10-01,-0.21594193204718914,-0.06151728654034888,-0.4151241513003949,-0.17853444100244859,-0.12001944516225296,-0.10167815790537356
2000-11-01,-0.033090299485438936,0.1350760110611042,-0.10761107700271301,-0.2767965016289227,0.006565574188528954,0.021822126031128933
2000-12-01,0.11020927581916609,0.18130805194824903,-0.1397232748007975,-0.21586277054297723,0.10131775580069026,-0.04426801605167353
2001-01-01,0.11943246330069057,0.1418134608897585,-0.15444906061710406,-0.534349261817647,0.08507419802515258,-0.11879520764365503
2001-02-01,-0.060354878235038344,-0.15359461935200985,-0.32503117127899367,-0.8014426721005458,-0.14755846813502538,-0.21612012833807534
2001-03-01,-0.28306992613842274,-0.44204020440363634,-0.38917590983218614,-0.8200005640534591,-0.3408290881197281,-0.31451383917747033
2001-04-01,-0.32319442674801735,-0.44223379121238543,-0.3809708872811235,-0.74231340581418,-0.32883322467960235,-0.33447765139609253
2001-05-01,-0.15933012416852313,-0.15608159057395044,-0.19826442632450436,-0.35193334191923764,-0.09030812850385321,-0.12283759701051357
2001-06-01,-0.017090810270938856,0.13436061449395525,-0.06842731947132548,-0.25950257930776705,0.19796705746930646,0.02883474203303162
2001-07-01,0.020382250237822024,0.17146161446135014,-0.09828287926585248,-0.10263323129172941,0.22217788380333092,0.22083248734665845
2001-08-01,-0.04647844751295646,0.1754014427576012,-0.06357665898994444,-0.14312852724303163,0.09750971612654039,0.2111318847084119
2001-09-01,-0.6111342256616021,-0.5363254992637678,-0.3676091898721818,-0.6050876726982763,-0.5021498826563119,-0.18033755749236172
2001-10-01,-0.6031464396727395,-0.5631516315318803,-0.811782705757902,-0.897605389129115,-0.5115068368259574,-0.3175430170934822
2001-11-01,-0.5160153393369793,-0.5290355399220381,-0.7110031490103548,-0.927150783858503,-0.594927184391958,-0.3088087920952826
2001-12-01,-0.31162084282583236,-0.2652339978232072,-0.5587250471978267,-0.5690463204793054,-0.30572141371207967,-0.3200215872111642
2002-01-01,-0.13749665382331575,-0.056752882140141785,-0.23080574428812203,-0.2823093872725912,-0.10813432195730731,-0.22919580673934015
2002-02-01,0.05162514766544832,0.04989232046745935,-0.16134069080341878,-0.16172227332607927,-0.003812868255936217,-0.222227582671788
2002-03-01,0.14112548302943287,0.07241179181348363,-0.08681899498666491,-0.14416319156817503,0.07850047270753466,-0.21466474760769932
2002-04-01,0.04723758788480472,-0.02151123731139831,-0.1829258812972011,-0.35746014724645364,-0.019633259825113998,-0.23241096646435191
2002-05-01,0.02852342136692275,0.030679353540149897,-0.09274112714981206,-0.4170150104640945,0.07212185925495249,-0.0845036896121866
2002-06-01,-0.18197867767916762,-0.09827379883738371,-0.20983130494868085,-0.5464991292444112,-0.023529436701102528,-0.0008543488754388785
2002-07-01,-0.03411062157249606,0.1136810064673476,-0.010003251661926142,-0.34983742199947765,0.14415941227277287,0.18194733901115023
2002-08-01,-0.25445760613163904,-0.21744028499939116,-0.4174223540682628,-0.37886519314917144,-0.21808441400508458,0.039975955451622
2002-09-01,0.4690742616706927,0.6491188287901989,0.318243878142541,-0.04194234928929095,0.5881145867864357,0.1694918066058741
2002-10-01,0.2604725418029018,0.30945253731758926,0.08651387148083275,-0.11306978470280642,0.3535371150185193,0.10067537977740895
2002-11-01,0.2678544641330587,0.30177236164431587,0.3615016569615249,-0.05168987039341515,0.32045963316145404,0.1386920418962254
2002-12-01,0.1672066366846758,0.10084925591748975,0.27703922389290914,-0.2214032735396091,0.14699835306265235,0.11182075104103815
2003-01-01,-0.0128367659578972,-0.19912510261439195,0.08892919594368223,-0.4513939653411093,-0.01978577011802425,0.02930796466442037
2003-02-01,-0.08125861500725583,-0.24797679667057254,-0.10991777196656512,-0.5372346474338721,-0.02826539909477866,0.11241440299520927
2003-03-01,-0.052468613989844155,-0.14498290268757139,-0.13063126439520867,-0.3907093435732401,-0.001750044202409601,0.16133401915795834
2003-04-01,-0.017118843269642588,-0.025336784982619848,-0.1935825081986262,-0.3410965521395377,0.021296057516977183,0.219681106738368
2003-05-01,0.039140152035216313,0.04401294027914533,-0.2819703021059279,-0.2715504119879914,0.01952557685489669,0.3145506506180182
2003-06-01,-0.03917277954227878,0.03309308619962292,-0.4371670912534488,-0.284977178254632,0.03389801949678972,0.32961921191308335
2003-07-01,0.2105947465502912,0.3330672953709035,-0.1494671893331582,-0.015216984789149924,0.46063562028190047,0.5010896664448864
2003-08-01,0.07997588466514507,0.12626650366723405,-0.3002364242348448,-0.3156812623055285,0.1750205584944871,0.37741454324629753
2003-09-01,-0.2583253846682754,-0.20160995754605143,-0.32463346449112024,-0.3347468946325019,-0.03263531217496181,-0.027126118458850483
2003-10-01,-0.5314210710784221,-0.4821580013095277,-0.8083345020461965,-0.6895997295093184,-0.3530802524740854,-0.26378003837648767
2003-11-01,-0.4459741009214493,-0.4151455615028702,-0.6948168126058516,-0.7923556951999203,-0.3844656523232033,-0.30730872776951806
2003-12-01,-0.30688260917287136,-0.3167234836145399,-0.5517566263674376,-0.6369687661302846,-0.24890457296478014,-0.24848091095731373
2004-01-01,-0.11475700432892977,-0.1153333227247689,-0.3311227908560048,-0.48615610038365137,-0.05370842949143448,-0.19148456875987285
2004-02-01,0.04364236017835922,-0.006436969407900243,-0.18173955109376164,-0.4435042266727712,0.023561296746465173,-0.23869397223093056
2004-03-01,-0.11060665838651813,-0.1958504580176751,-0.3306797708956023,-0.5610924532463196,-0.20721622327064293,-0.3788688271736742
2004-04-01,-0.311662184568954,-0.42887244970951727,-0.4934575807035863,-0.8210132197795773,-0.36739815835368766,-0.4490281896799554
2004-05-01,-0.5786384391331028,-0.6558005595504935,-0.8281497187226798,-1.011280685227422,-0.5992928429372095,-0.429460824665324
2004-06-01,-0.3154514053753322,-0.22996063630842034,-0.8080310960668446,-0.6700907157841467,-0.09802395711258796,-0.22052760439967956
2004-07-01,-0.09292781743529174,0.10401698535604541,-0.4649906645658826,-0.5586111378732461,0.2645369659922812,0.00013059410876823107
2004-08-01,0.17216326906078014,0.2164656161080217,-0.08649999337512383,-0.4225429600325928,0.46093646763263846,0.24990151934003174
2004-09-01,-0.36599038767742736,-0.335239960220538,-0.40975723017203947,-0.5409341972141009,-0.060375271406666334,-0.11646765947873744
2004-10-01,0.15396290472630916,0.23606023948998656,-0.029165617777704187,-0.1148546805959521,0.3304399031188485,0.4061114441058575
2004-11-01,0.21184039003948354,0.19677732601567874,0.06820144543022884,-0.004276014121838858,0.2873800249178707,0.4450978865465512
2004-12-01,0.21679484927092013,0.16513922432991285,0.05996321645478026,-0.13884194339083966,0.2791316754266889,0.4935039569174393
2005-01-01,0.23675207093937048,0.13882732955155705,0.11031565704208171,-0.4501307103558903,0.26941080501167464,0.4970615143709421
2005-02-01,0.3623452390020308,0.2879853550928769,0.13084518738688442,-0.44767868062718896,0.40505230524759145,0.543981665873442
2005-03-01,0.4198017854399956,0.4057941946878385,0.12266628241699466,-0.4484235074319476,0.48453139223936775,0.6049472557342364
2005-04-01,0.39647210841975206,0.47582562103665227,0.1435639471694034,-0.27630582750976224,0.4579149529576559,0.6885364588488678
2005-05-01,0.36084347431079355,0.5102711392836335,0.15740679721259537,-0.38462068074775874,0.3537296277585975,0.7649729221914067
2005-06-01,0.2855494711812558,0.45450859708254265,0.19524731261745235,-0.2561610776877721,0.25287249176195054,0.6396508942062068
2005-07-01,0.17059002037184792,0.30722845177908403,0.11100414768689564,-0.19858699316030823,0.29973047200934505,0.49534889391811016
2005-08-01,-0.1047258116697026,-0.0734023672884935,0.013480351978658543,0.038373319719135345,0.08979052517986877,-0.016880045207492745
2005-09-01,-0.4620323491200677,-0.3502560060673478,-0.3771923214798481,-0.38622601324060213,-0.2072384361272116,-0.25101936634788546
2005-10-01,-0.04473654490948002,0.10494459651886237,-0.10004921989428116,-0.3544976562926736,0.10628964654384694,0.10002205901646016
2005-11-01,0.007993076040330085,0.12782621920581427,0.13022442032275153,-0.5381669660945987,0.03249700511475035,0.07633799542102873
2005-12-01,-0.14040568308238174,-0.06463916085716101,-0.024689078414434733,-0.7354091140087675,-0.20025190721554617,-0.09846695652641008
2006-01-01,-0.2797603371154691,-0.2694296116639341,-0.24842499811883223,-1.1619752624034132,-0.38557098577839866,-0.12464431691944296
2006-02-01,-0.4119293953320256,-0.41374852288404484,-0.4964224714993076,-1.2643598364452866,-0.4328428367270821,-0.12773646344421047
2006-03-01,-0.2633874938294936,-0.2821433285923411,-0.6541406127295004,-0.9679523816346769,-0.32347235510543587,-0.13290606319808063
2006-04-01,0.022606566819910728,0.036557158852208116,-0.5130995201415105,-0.6671217807809894,-0.04749277044039853,-0.06406707923520202
2006-05-01,-0.033300838449807114,0.060957810640331435,-0.40020325136065393,-0.46623648839831144,-0.03743780539797896,-0.08800661588397336
2006-06-01,-0.08215602253896176,0.10568344275115098,-0.3263189410946694,-0.36348803014570025,0.021182265641972408,-0.09929325696302532
2006-07-01,-0.2913316733176848,-0.12130574682936403,-0.6166346786776108,-0.1395280691058498,-0.2136279278390903,-0.2121851583626112
2006-08-01,-0.4395834324542363,-0.27849790634938587,-0.2983341768606357,-0.019989946390548793,-0.2444300279974725,-0.23166575161315758
2006-09-01,-0.419343852210739,-0.3661214887927988,-0.28469758645415977,-0.2912261259543088,-0.19553718578728896,-0.3918523585966867
2006-10-01,-0.254643246797262,-0.20573064051036635,-0.41868335300365794,-0.9200656043571729,-0.10651006080893331,0.012070888161233466
2006-11-01,-0.0391612170869536,0.004792753005961602,-0.055690181978664224,-0.4609708231939527,0.09423900061516918,0.211710063598253
2006-12-01,0.26779139809028957,0.3056756694422895,0.12192325834164322,-0.09457019946083667,0.3241561131206555,0.331964870622977
2007-01-01,0.23315918861452847,0.11894713776916141,0.12254134993255635,0.2641967667300395,0.16957036457392874,0.22333294190702357
2007-02-01,0.13296044290748282,-0.002496809484037047,0.2512653014363744,0.5909469240564117,0.08828453030592766,0.19407301880359093
2007-03-01,0.03443540285418614,-0.040142648164881174,0.2938295983016735,0.7669569947528188,-0.00018051392789203207,0.1261604266068856
2007-04-01,-0.1192505124589369,-0.07353938940290392,0.2367152736458496,0.816033464727708,-0.03642054728244025,0.10376949479948092
2007-05-01,-0.3532198312105291,-0.19175337358683867,-0.027400201433583935,0.6929692460339746,-0.2696526867120425,-0.13398103265957265
2007-06-01,-0.6930227943226197,-0.5288080963092036,-0.7581593339326875,0.3865173922291554,-0.5609420160309698,-0.24918978529856523
2007-07-01,-0.6194566595585782,-0.41697997241132145,-0.5703256745706673,0.42421284321522573,-0.3885935910977332,-0.4747966114878699
2007-08-01,-0.32904228503524424,-0.22509033567707848,-0.09933310879440176,0.46397129255509817,-0.15540864080150885,-0.1562925525567809
2007-09-01,-0.20605740817773763,-0.2448765946685245,-0.09911946752618554,0.4196398328877841,-0.06645086058733078,0.05665184922504873
2007-10-01,-0.13482616411506923,-0.007667513937859677,-0.37614349470325437,0.5728027709028882,-0.14344571581575974,-0.24364495629701022
2007-11-01,-0.20303908880989868,-0.1567506234390981,-0.3384132558207376,0.574109695001584,-0.2314321094476626,-0.24903095949969892
2007-12-01,-0.2401090252825246,-0.23801612855424326,-0.3638127298129303,0.6682647605157555,-0.27031842789831945,-0.37023110779655555
2008-01-01,-0.17202645220253007,-0.15106135270355303,-0.06197263516913689,0.46667710280832647,-0.07402724907300871,-0.18693545411337645
2008-02-01,0.08038820139330856,0.15222349345515843,0.32820401336839966,0.28176171013202644,0.09745499860418144,-0.17180035184254686
2008-03-01,0.0894955136321453,0.14503456014904167,0.37197781154822673,-0.23427137248633512,0.04557356472585995,-0.13105360158430582
2008-04-01,0.1365488164104759,0.14863650414650467,0.36810042624599837,-0.24658158329733448,0.002084016560533358,-0.2758534105216621
2008-05-01,-0.1832006605419435,-0.1755527690545943,-0.06559565301135377,-0.49513013027071495,-0.19533266193637763,-0.4421850826394512
2008-06-01,-0.3490305576270243,-0.2766683402316354,-0.23552119101539243,-0.6237576146817099,-0.1278527313691573,-0.5263260748769312
2008-07-01,-0.4002417830129891,-0.27078904062016323,-0.38219142690152336,-0.846107103021754,-0.061607319290935984,-0.474342198219925
2008-08-01,-0.1464032743062531,-0.02796085679621031,-0.044971746911909936,-0.7915988205332529,0.23612224395371698,-0.20425220701281727
2008-09-01,0.32248676442867774,0.37621118318923624,0.18162146384049738,-0.51534314612863,0.4918921390537054,0.012198724518014336
2008-10-01,0.1630324341854951,0.3231025914510706,0.19122237796635125,-0.43850356955242825,0.4047475891453747,0.3054923834698932
2008-11-01,0.10608593025767353,0.3221574808212765,0.1811388784235663,-0.4668915162479077,0.13759384318447712,0.22855247628093975
2008-12-01,-0.10478610648503231,0.025158630427127533,0.04178784753347704,-0.6261054181038359,-0.14402379031099588,0.14666095301402232
2009-01-01,-0.2118287740229994,-0.1777936170245225,-0.032703390894225734,-0.3851722986050158,-0.31765501441791394,0.01536543653456702
2009-02-01,-0.3835207279634072,-0.41326038593989567,-0.17390628122322505,-0.35347957094578203,-0.4247097980600554,-0.05547345280687258
2009-03-01,-0.36651572487477474,-0.33842612799167715,-0.1581413587177877,-0.20168713087872028,-0.4019707138388442,-0.11369681468607105
2009-04-01,-0.4707800305808988,-0.40592631011776237,-0.2735610474178004,-0.08866978088735569,-0.5120495127103262,-0.2663705901815881
2009-05-01,-0.3313196202849526,-0.1034637988558662,-0.1400138396099064,0.19280326194880196,-0.24548135283687342,-0.26049567257929707
2009-06-01,-0.4171110551040843,-0.1644755102112035,-0.19484278102111005,0.37605037280406856,-0.39011989076887665,-0.3786948579920376
2009-07-01,-0.2577018257982462,0.06291105001713874,0.135774933890819,0.7220063113547441,-0.03474075157998397,-0.16285702732125953
2009-08-01,-0.1755980949889842,-0.030610341589808285,0.2689529374949744,0.7853343754830032,-0.2322127474624593,-0.33037817797128693
2009-09-01,-0.4869109921255332,-0.42745270113326894,-0.19603076400650848,0.6921317363659903,-0.27763362342968656,-0.2825056970858425
2009-10-01,-0.10319075231065616,0.11496930998600333,-0.10679076788725066,0.6492216386597228,-0.03567347451562216,-0.07918880218630664
2009-11-01,0.054393911924477074,0.3613560105604262,0.31332366006279533,0.3400718445414297,0.11912439528571288,0.029344447312547588
2009-12-01,0.20377646936481497,0.4630306954799805,0.2604827325422224,0.22254765469227283,0.2191334491843947,0.017687529604999724
2010-01-01,0.002084688374959858,0.10614910646978327,0.08620404363975205,-0.0020502835923508727,-0.0880145703672057,-0.07921448538228808
2010-02-01,-0.08072889420364777,-0.028110257267718503,-0.1691829075810414,-0.12832135415217621,-0.19115607097776532,-0.12630823031839408
2010-03-01,-0.29025272617323195,-0.2390981825007295,-0.4167507015140873,-0.17987487662810306,-0.3641725753346173,-0.157147103709421
2010-04-01,-0.3515018179800025,-0.2483451400799229,-0.4915174762391942,-0.0806061035895647,-0.3807542352752058,-0.2505073429711943
2010-05-01,-0.39653491839223814,-0.3076796614401201,-0.5141253158029151,0.12802379997576863,-0.40021491251948604,-0.3007467923335268
2010-06-01,-0.289031174969374,-0.23387198856122243,-0.37559310989262135,0.3900911352578783,-0.2946340158057894,-0.3204766277914314
2010-07-01,-0.1781971036246093,-0.18448981618364096,-0.21294478399163766,0.6970498589793322,-0.13264771695506988,-0.21581665840094302
2010-08-01,0.012563591200220254,-0.09414463768890456,0.1166118283603586,0.763946074928449,-0.001010369604612061,-0.06692185355872864
2010-09-01,-0.15392746989758055,-0.2579605403937447,0.008698114801997092,0.6722465073542407,-0.2150767724911655,-0.09097846977804651
2010-10-01,0.19250127036978348,0.059646819069405874,-0.11202308057146634,0.6305442893427203,0.05901144026983785,0.10846812587306416
2010-11-01,0.19882812771225494,-0.0025862438696727876,-0.24728387519407397,0.2770008991952668,0.1456627904632067,0.026694177716943535
2010-12-01,-0.017753120921290173,-0.26981863449383914,-0.3087635102635469,0.13289794987682405,-0.10619671501285902,-0.01565944596652949
2011-01-01,-0.07315948402629016,-0.2630757930128617,-0.2736770627341969,-0.06393124733618173,-0.14636360148576852,-0.07167304044525998
2011-02-01,-0.1086931350725495,-0.2552126466995315,-0.3128485438898761,-0.2185523456730114,-0.13778200703009347,0.0013815181421214645
2011-03-01,0.037608011932601625,-0.08936766340072087,-0.332267255502567,-0.41002388323242783,0.040287293583928026,0.06541105866299518
2011-04-01,0.18370959516455962,-0.040214070760111756,-0.17593459491957336,-0.25494131762938504,0.10752946142337264,0.06891622599437996
2011-05-01,0.22277939174523714,-0.04003185739133014,-0.02059959934930459,-0.14614607927834636,0.19742711628329365,0.035448042701551497
2011-06-01,0.31298393926794227,0.03779376990681995,0.13662299595510677,-0.17932078528440956,0.27175691438154903,-0.08591037470957087
2011-07-01,0.3325528280662535,0.06806686951214201,-0.027257216623430728,-0.39132103813263636,0.2715727143279029,-0.11678342301817154
2011-08-01,0.39486836966514016,0.18719868906161183,0.1381264300272634,-0.44021086451525365,0.2612647091692189,-0.028030157927993293
2011-09-01,-0.039319142929987734,-0.16450152059236184,-0.12123358641572668,-0.6464356194170564,-0.06323019014044695,-0.13039958046620978
2011-10-01,-0.007791054089567466,-0.1515993629050472,-0.13941767123818583,-0.5008786304926237,0.02990115602027803,-0.12436857946362194
2011-11-01,0.12879021203388233,-0.08516795159541136,-0.29158452797553513,-0.44199360112858244,0.1209325493644257,-0.09335772826008974
2011-12-01,-0.0057145795744718425,-0.2857376676073753,-0.3999613393639374,-0.6798036528809609,-0.12504309575591577,-0.20051806118383106
2012-01-01,0.052676364468338774,-0.10996188255981519,-0.21885176732235995,-0.12433212655816654,-0.019503866850311302,-0.09552597087565212
2012-02-01,0.0885459400263798,-0.05485411897424597,-0.22580987089896118,-0.03393274327651067,0.047555552997151536,-0.07373368487611431
2012-03-01,0.29418817940008873,0.17602190107441784,-0.11277938411379657,0.12084219594268672,0.27133007933428527,-0.014793968036500519
2012-04-01,0.5201050267681778,0.3087461026614408,-0.09866820535034213,0.018138393339648475,0.4337341792170629,-0.001066322245935597
2012-05-01,0.6598770794995823,0.3743473475703487,0.13496206308607966,0.0037294989444986606,0.4824159040594281,-0.08954458534536316
2012-06-01,0.5846611092577488,0.22149511395162852,0.18778847129463833,-0.15558094532662461,0.36758840657007835,-0.17747399176651257
2012-07-01,0.462418402261938,-0.007564283300334892,0.45034971613124625,-0.29612594794393554,0.07136366630363851,-0.3406957193047998
2012-08-01,-0.07609651049379482,-0.30392304814344345,0.19250962821868617,-0.6574159926708495,-0.13713412717885182,-0.2540930281597262
2012-09-01,-0.12368942490748781,-0.30338765106766,-0.20733681618168842,-0.8070792430110247,-0.20905058764662904,-0.23530736674438363
2012-10-01,0.04692960625629304,-0.13193585622550547,-0.09092066547433737,-0.5547286037872748,-0.07351497867609684,-0.24005987767770143
2012-11-01,-0.03684076598341561,-0.19331343618864785,-0.2908239560956417,-0.7302090800874631,-0.09705862304519527,-0.41386431082506264
2012-12-01,0.02212510822323479,-0.10595403092118426,-0.48739057944672465,-0.5802627615620917,-0.03365253471485961,-0.3819340059070988
2013-01-01,0.04567283149823565,-0.0442307692465259,-0.6011970210391969,-0.5549742590476486,-0.012742850273646269,-0.3991448736196753
2013-02-01,0.2234083739488975,0.13181255194375235,-0.559117471644822,-0.2627150864831932,0.18969605600507114,-0.322078998657476
2013-03-01,0.11047598786666055,-0.07458007951424796,-0.5642154930101806,-0.38816121513612706,0.04094723020709715,-0.4089990186951147
2013-04-01,0.055106705649700015,-0.26813375246639076,-0.4365144504649049,-0.3852174105415818,-0.042988994534239086,-0.4034345874598337
2013-05-01,-0.14151192190349826,-0.5763200569743734,-0.26488898574257036,-0.6696840511632892,-0.2653783064167929,-0.3458849669937256
2013-06-01,-0.06376527596031333,-0.3775863280202608,0.213075072984998,-0.3609092327910219,-0.14612076481474254,-0.27142536999941946
2013-07-01,0.07888190681574861,-0.1958860574384911,0.5652331277078357,-0.28067611533765596,-0.03864608374985658,-0.15685987964065623
2013-08-01,-0.3350452228487265,-0.4960491836721112,-0.028526824889685908,-0.844484404828839,-0.36607214823752116,-0.41355414378710403
2013-09-01,0.03227372369137125,-0.08137275039176987,0.1691057607105488,-0.47206953453330236,-0.058627916369331186,0.0411419426734753
2013-10-01,0.06903768216116672,0.038903959308231296,0.093935992463061,-0.2446301537713804,0.1368293120895741,0.3095450876133278
2013-11-01,0.3960225966735199,0.3553343066560714,0.21245809933628784,-0.010032450021215977,0.3725393090807255,0.3631772051698098
2013-12-01,0.3229279891478891,0.2519936251970424,0.1336974978593655,-0.09737226389875235,0.2938552389080539,0.2859625332639164
2014-01-01,0.2055806659059338,0.10271549292019902,-0.027267140168310527,-0.14431327715616724,0.08510006723100458,0.16853001318964045
2014-02-01,0.013359718445701618,-0.09266553442384912,-0.16274489386802318,-0.12676926271620678,-0.021405938426960577,0.09056062439015426
2014-03-01,-0.08441636074584732,-0.2242929185402722,-0.24725657454318492,-0.17135082443504188,-0.10710565276646518,0.06578938380929683
2014-04-01,-0.05955429432620292,-0.24662389498518142,-0.2066867131413078,-0.16104032564555365,-0.10276049345764202,0.03056980414913337
2014-05-01,-0.07288571201902413,-0.34013599383268783,-0.20241382366197272,-0.3314789137386645,-0.15764023327454943,0.029207804860328684
2014-06-01,-0.060921712139449684,-0.3609248748616603,-0.019400242255125134,-0.36602982059946215,-0.1798895326129408,0.020683271428765672
2014-07-01,-0.09619838709669841,-0.4072472497001833,0.1755506589528235,-0.6162463297582896,-0.21779322845301755,0.10771228552659677
2014-08-01,-0.11731544465790131,-0.3000117323783709,0.0805012735916299,-0.6600137555462957,-0.24951217443884122,-0.0882362985522482
2014-09-01,0.03682910354488695,-0.07881978171180595,0.13400010750602404,-0.41026878889542545,-0.08235485912768703,-0.08022082853430469
2014-10-01,0.1488042571622515,-0.0016034969787105005,0.04144310957133001,-0.14672498465203687,0.11822025570082836,-0.05992962491003697
2014-11-01,0.1892466876980487,0.017503646439947614,-0.1729254045688849,-0.32394854926720373,0.11773322462068263,-0.15233174775843197
2014-12-01,0.1841442138570849,0.02817905407532214,-0.19922406817428268,-0.2272862692659771,0.11287865536031659,-0.14297748083261574
2015-01-01,0.3068633740756538,0.11222946379291608,0.007293971754581486,0.01614369709521504,0.3321406588207374,-0.07038014769926268
2015-02-01,0.2746338011725759,0.008137857374709805,-0.013348037291430739,-0.0007796643213517008,0.292916046126631,0.009857108628500982
2015-03-01,0.3189934006744495,-0.035385604735905025,-0.014248736267766618,0.016575250538883018,0.30888056879436004,0.014153139962022018
2015-04-01,0.2607961858350039,-0.1158897384226406,-0.1047032225597689,-0.13599628948375403,0.24726958181878408,0.09875361119628003
2015-05-01,0.2527537974280355,-0.1310637374395557,-0.11144991863035024,-0.03238947711808185,0.22534046715120812,0.051079401542093485
2015-06-01,0.3265438270558545,-0.006682127202568976,0.16300169792642566,0.10744790291043178,0.3659519134594792,0.14047956479599893
2015-07-01,0.18279200762367065,-0.20179167905965656,0.3512625548256631,-0.3199201119119031,0.05086608653510817,0.00774587147332485
2015-08-01,0.34808195792290325,0.13381286845373863,0.20923959212691548,-0.44698544192168455,0.30235086383107895,0.05459620581843211
2015-09-01,-0.09453564896107164,-0.26777691702106077,-0.3683083553162156,-0.704365438498184,-0.24620995599448145,-0.15755672708088994
2015-10-01,-0.4464867233724722,-0.6518080253702161,-0.6821924567827474,-0.5559743534684893,-0.46839543660786065,-0.17078830677661602
2015-11-01,-0.4960874475406799,-0.7332285919917605,-0.8672557870922784,-0.4881495010250555,-0.5915684701952905,-0.1820962029335943
2015-12-01,-0.33084553356321805,-0.48672177982325426,-0.8102527226554593,-0.14596430494118345,-0.3780244508641529,-0.22128229322331525
2016-01-01,-0.3329631943606671,-0.45039586208280374,-0.703842902565813,0.009988571498319127,-0.37835471742135995,-0.29194509974807664
2016-02-01,-0.38258048630598773,-0.49002595184286024,-0.7041260217015977,-0.07643167978571386,-0.4469957828443222,-0.3183976331615117
2016-03-01,-0.4640789728445316,-0.6416453559288227,-0.7071095425864082,-0.1362331655493633,-0.5046228699887196,-0.3459246479080756
2016-04-01,-0.4860786471444696,-0.7224074288345081,-0.728353140499603,-0.4127893718738812,-0.5442977778591568,-0.3603717370337735
2016-05-01,-0.40097188109670595,-0.6913339178430703,-0.6308008132546373,-0.44865957219484215,-0.4118263188452737,-0.3177521807765839
2016-06-01,-0.27011768057027613,-0.5473402863655191,-0.42820061903662654,-0.6283090548671857,-0.29246953461852815,-0.272879682891967
2016-07-01,-0.1533192807380456,-0.46338600418707865,-0.19456621176441463,-0.5870292084959504,-0.22170884209631786,-0.14879399399669627
2016-08-01,-0.31683767000392715,-0.5474547871954522,-0.5037068313464815,-0.8468694336619573,-0.3982504197155193,-0.2517570032016789
2016-09-01,-0.13827035745644708,-0.2785614466696414,-0.19485492356224232,-0.5579796277970874,-0.22323064583286661,-0.05863798642334425
2016-10-01,-0.27182616182202757,-0.39191821939774685,-0.5960941666214169,-0.6772130185503018,-0.26393015410781084,-0.13957312503941285
2016-11-01,-0.4691380855055713,-0.6105964378332027,-0.9908910625601799,-0.9367531906141529,-0.4849805530017066,-0.17679718452092302
2016-12-01,-0.6462989744271392,-0.8488366222694317,-0.9477827395172929,-1.1269571978646409,-0.6762305106052685,-0.21929596763472323
2017-01-01,-0.5534528858897413,-0.6917286630234765,-0.7354250233004364,-0.6330407787841434,-0.48605858240097405,-0.1793606205720879
2017-02-01,-0.373021011360368,-0.5036027736322737,-0.6202820444861924,-0.46266487052582117,-0.3522350835540787,-0.17091608762336907
2017-03-01,0.04484674921009099,-0.045279652192257255,-0.2751864178556199,-0.13134661939758308,0.07530946064909357,-0.006149120295609775
2017-04-01,0.1323958408499517,0.03451990093379549,-0.1818237925528469,-0.15044639085849837,0.1643407520313372,0.1515295733766732
2017-05-01,0.3607323992408313,0.28855681060432714,0.07065021457248805,-0.019639075962687335,0.49424182032748465,0.22419464864880162
2017-06-01,0.3068552259882101,0.174469790092061,-0.06886235296618984,-0.31512529778936965,0.354391841599182,0.19219835359868892
2017-07-01,0.4325556347919944,0.23633781013889307,0.3509017386995718,-0.15544769290619448,0.36800059075862557,0.06897445096969336
2017-08-01,0.28665979277989534,0.13668591960468304,0.27346574484436226,-0.2867067853022321,0.03913939584455508,0.13516202899179294
2017-09-01,-0.37321978613449985,-0.46951272148776657,-0.3289001423243452,-0.6774174055016986,-0.4742874030132951,-0.2359562039489672
2017-10-01,-0.45910190686096364,-0.5082366766766075,-0.37424210103114397,-0.6674697919909647,-0.3567402337929395,-0.1720418017553701
2017-11-01,-0.35510124883552757,-0.48583539915333973,-0.4236502083413988,-0.6299588426813432,-0.32262206835598134,-0.29317351028927635
2017-12-01,-0.489676027196695,-0.6707342946141924,-0.6948974886904679,-0.8318448804387999,-0.5137010001347433,-0.32942835158414346
2018-01-01,-0.6267759944232574,-0.8913320271323544,-0.8060420717054605,-1.1425763345493136,-0.7774432829369914,-0.46534323282678197
2018-02-01,-0.8385891867303165,-1.0041338792611516,-0.8807221496733249,-1.2200380939832327,-0.9247767857307939,-0.5259975121457581
2018-03-01,-0.7915874653806372,-0.9767211291198664,-0.7291244480556935,-0.9945953676891656,-0.8426194827023572,-0.5219496081750324
2018-04-01,-0.6584934237809185,-0.8898370296364333,-0.5611257099483454,-0.7922266903710556,-0.6416848212392465,-0.4779890448079389
2018-05-01,-0.5282390179145603,-0.8325577781668801,-0.3845175694019122,-0.5777274175812821,-0.5012794388593926,-0.48375568938606633
2018-06-01,-0.458491272729392,-0.7179808474405106,-0.11218630297790419,-0.5104623407137501,-0.43873741268804095,-0.4480281438636905
2018-07-01,-0.2917995416108664,-0.5186747046992316,0.19409563317364165,-0.41929268710619105,-0.23567584694843544,-0.39128078419692586
2018-08-01,-0.33137425940679693,-0.4787759911027906,0.29445366825840935,-0.6769659478419688,-0.2852129475401916,-0.33730544352463265
2018-09-01,-0.11711926698014405,-0.2311036579766326,0.25752332696763514,-0.5509331622569669,-0.06711985902437453,-0.08612529265356457
2018-10-01,0.42828797458953316,0.24143845812895084,0.3186928833117836,-0.3386292658922791,0.2605488908998287,0.0960249405410817
2018-11-01,0.7577344562808555,0.6611767095723057,0.4872370543362393,-0.024848980846264676,0.7255415940053653,0.31679417888590583
2018-12-01,0.8495957947006577,0.7790506314269673,0.44599664096866964,0.03724255980791414,0.8407323340340025,0.3496653826305117
2019-01-01,0.9105460632604211,0.8514225138895004,0.48308248763442085,0.003624112756206066,0.9575825640672446,0.44778362050423026
2019-02-01,1.0605865181705587,0.997313688890715,0.3204204856895706,-0.044934667701628586,1.1251601517384058,0.521712767422584
2019-03-01,1.1961017052306813,1.1262832705869292,0.3201761581860184,0.026299046475837293,1.2195832729512692,0.5213053280107991
2019-04-01,1.105530436247381,1.0041297420276831,0.2993136062032516,-0.0600667621308558,1.1063161383283244,0.3328573034051338
2019-05-01,0.7822500178235958,0.6050676507756928,0.43877725675959794,-0.1453989861776817,0.7747143261567392,0.09586435791453289
2019-06-01,0.3441070149427332,0.06769993323323958,0.5421703140614706,-0.5471844053001392,0.2465045436580343,-0.2004022176240707
2019-07-01,0.23472098597641367,0.03869779639042534,0.7722448526871184,-0.6542753180175427,0.199388047634981,-0.12025237121350266
2019-08-01,0.2104948879608863,0.022811714688610076,1.103407583538476,-0.5477900296208418,0.15617690965225178,-0.11792316347202116
2019-09-01,0.3093666261741908,0.1775373647690293,0.48003524907795936,-0.40302678970672084,0.07409434244071132,-0.24467180073169015
2019-10-01,0.12486043557836424,-0.03683114769831339,-0.0363096466639154,-0.3587163786777161,0.0036755369979447204,-0.21374978421683122
2019-11-01,0.05246150405764921,0.11776368143121584,0.008310623615538698,-0.21273993640192304,0.10708086535022793,-0.14768816805771667
2019-12-01,0.14413201011774776,0.3736081134758437,0.21952898050419709,0.03434078595529916,0.21825053067204284,0.005300112855018776
2020-01-01,0.2616872995003107,0.6128531613585706,0.45682748124144607,0.3351101503182875,0.3775787635111248,0.11408656303349728
2020-02-01,0.2654692390696528,0.6141437924380648,0.521119223597536,0.3469580849846025,0.28009859677766363,0.10174811011427069
2020-03-01,0.131753197089436,0.4413233427164644,0.4503308062517087,0.3662354912640063,0.13664958902333055,0.0585537826570751
2020-04-01,-0.07173116183225153,0.18866567369947293,0.45385250885347383,0.35827488201491714,-0.028371525686555824,0.0500320746271723
2020-05-01,-0.1227997052370493,0.2119244465639456,0.5731205942847495,0.515783265681414,0.030598473412348507,0.1326434993402933
2020-06-01,0.012023665087147516,0.36895157835604353,0.8940499640009818,0.6888565441874194,0.20695212071980715,0.23136509486645518
2020-07-01,0.09726936783945972,0.390567969134666,1.1155610438887178,0.7846682517703166,0.23273395505913666,0.2632777003135327
2020-08-01,0.004901130044471661,0.11942757856065792,1.193189865432513,0.6111910632415066,0.010701976882065483,-0.05940780098556296
2020-09-01,-1.0089830979875107,-0.9596416974518163,-0.23426104193530484,0.29265584559485,-0.8881207695248741,-0.4197368282743923
2020-10-01,-1.4339729921671716,-1.3307785372506564,2.2330334749041967,0.19339945289148808,-1.4328922531461374,-0.9592843479908238
2020-11-01,-1.2563725523738083,-1.0417702357035332,2.2330334749041967,0.10044611582619029,-1.1432639485164175,-0.8003395952345175
2020-12-01,-1.0014429958731257,-0.743710028613691,2.2330334749041967,0.07088673044779456,-0.950894446953032,-0.8379689817693614
2021-01-01,-0.9680863468589243,-0.7287310103147736,-0.613067774756849,-0.09932162127260644,-1.0039648767233755,-0.891176774456735
2021-02-01,-1.044347428355974,-0.8961210030229453,-0.5924423591990583,-0.26009797803194146,-1.194323136701112,-1.0102293917046423
2021-03-01,-1.3368147044565224,-1.2321149448121895,-0.6489649700476845,-0.3596201444801714,-1.4011047083953612,-1.0882497974543113
2021-04-01,-1.1254618176915778,-0.8889535759222568,-0.44569260809320776,-0.17545644197682564,-1.174407016279571,-1.028122959864448
2021-05-01,-0.7394129213455074,-0.346406598527773,-0.1555417964453636,0.06818219396139473,-0.6542060137251455,-0.8716832603472465
2021-06-01,-0.3792627515528113,0.048300766173467846,0.2708977990888344,0.35152546938110923,-0.1498100043539427,-0.6652437708245933
2021-07-01,-0.23587257904170156,-0.01865881222420345,0.6098226169132698,0.4382773839450354,0.024076298490083962,-0.5049512269887484
2021-08-01,-0.27603931193758846,-0.15262829777177428,0.4802987306360068,0.4111743652917378,-0.18353953485810218,-0.46668180920089225
2021-09-01,-0.3725245790452587,-0.26136173038702304,0.27328659488099216,0.3639570004097832,-0.3401139098534107,-0.2009683595730855
2021-10-01,-0.4653657932392784,-0.15952358726086757,0.010865921448994353,0.4255738777115017,-0.20567825649729546,-0.3195958442664044
2021-11-01,-0.35594208679255873,-0.04551317633596501,-0.06945349064965578,0.31234568887101505,-0.21683702456114495,-0.3451451479499891
2021-12-01,-0.36465425779876315,-0.06598319695261293,0.11452871867344475,0.3207910878054087,-0.25637281202662104,-0.31169630113188834
2022-01-01,-0.3161854330605963,-0.04589128313497641,0.3177811741668883,0.28439059572900044,-0.3246141637622245,-0.27620297094353835
2022-02-01,-0.2603854675004301,0.1383917833524629,0.5482251749291652,0.3170783438239904,-0.21708167315849225,-0.20742418921095201
2022-03-01,-0.48673658830868954,-0.06830067052609586,0.4388235074247928,0.2406370274835539,-0.5185924581485273,-0.380334339660747
2022-04-01,-0.8063037058896039,-0.29296977065720425,0.35357977714344196,0.22333102769124538,-0.7267816478521116,-0.48776811671197157
2022-05-01,-1.157668224620376,-0.8171165554231161,-0.0015221924998738393,0.02231670596812959,-1.1321839554206843,-0.7980113248694767
2022-06-01,-1.0897206365110552,-0.7816217588914054,-0.006457785918173587,0.15376801570620102,-0.8828920569197509,-0.7768329799879858
2022-07-01,-0.8376422268050387,-0.5552344205566446,0.1751970612881173,0.33825367287598374,-0.582982917475,-0.6940187822466302
2022-08-01,-0.918830953390934,-0.7551982029541515,0.10285799251998308,0.30975876428747395,-0.8485799695150944,-0.5180365639306787
2022-09-01,-0.294865985729707,-0.04059596011759613,-0.024796377352193432,0.3492932327068364,,
2022-10-01,-0.014219116889405279,0.25908149189914736,0.18379328789593136,0.34819931490324074,,
2022-11-01,-0.1327774698459869,0.14601396972823302,0.1329746482391341,0.1954513451194547,,
2022-12-01,-0.3259929867735852,-0.1201412412500012,-0.03434073833860939,0.0676602924910231,,
2023-01-01,-0.6374380488961616,-0.5668042975619733,-0.11505788362637599,-0.15850302014125275,,
2023-02-01,-0.970470102112696,-0.8594684203827786,-0.25777654939570077,-0.3192675631701189,,
2023-03-01,-0.9717289484126043,-0.8013803117332475,-0.21192899040486896,-0.2725341921978154,,
2023-04-01,-0.8500091079530963,-0.6047464716745224,-0.10866975001558338,-0.16648609515744972,,
2023-05-01,-0.37901854491765397,-0.12723310065095372,0.11165383342182274,0.06956855430518077,,
2023-06-01,-0.09564204598695351,0.1883820476653708,0.4417020244429801,0.3072142808203577,,
2023-07-01,0.30714049047728825,0.5381643710542754,0.7437808483832183,0.595716951922482,,
2023-08-01,0.09069843573980775,0.2128754240756001,0.18090327585915625,0.4286762898634988,,
